No.,UPT,ULTG,Lokasi,Nama Bay,Uraian Pekerjaan,Peralatan Padam,Padam,Sifat,PN Jawab,Awal HARI,Awal TGL,Awal BULAN,Awal TAHUN,Awal JAM,Akhir JAM,PERALATAN
1,GANDUL,ULTG TANGERANG SELATAN,GI 150KV LEGOK,TRF#3 150/20 kV,top up minyak konservator maintank dan pengecekan indikasi level minyak bushing primer fasa R Trafo 3 GI Legok,TRF#3 150/20 kV,150KV,3,M.UPT,JUM'AT,2,JAN,2026,08:31,,
2,GANDUL,ULTG TANGERANG SELATAN,GI 150KV LEGOK,TRF#3 150/20 kV,Lanjutan pekerjaan di esok hari top up minyak konservator maintank dan pengecekan indikasi level minyak bushing primer fasa R Trafo 3 GI Legok,TRF#3 150/20 kV,150KV,3,M.UPT,SABTU,3,JAN,2026,08:41,,
3,GANDUL,ULTG PETUKANGAN,GIS 150KV PONDOK INDAH,SKTT Pondok Indah - Gandul,Perbaikan tutup manhole JP6 SKTT Pondok Indah - Gandul,SKTT Pondok Indah - Gandul,150KV,5,M.UPT,KAMIS,15,JAN,2026,22:53,,
4,CIKUPA,ULTG BALARAJA,GI 150KV LAUTAN STEEL INDONESIA,"KTT LSI, Trafo #1, Trafo #2",Banjir,"KTT LSI, Trafo #1, Trafo #2",150KV,3,M.UPT,SABTU,24,JAN,2026,11:20,,
5,GANDUL,ULTG PETUKANGAN,GIS 150KV CIRENDEU ,TRF#2 150/20 kV,Emergency temuan suara flash dan pd riser trafo 2,TRF#2 150/20 kV,150KV,3,M.UPT,SABTU,24,JAN,2026,21:09,,
6,GANDUL,ULTG PETUKANGAN,GIS 150KV CIRENDEU ,TRF#2 150/20 kV,Investigasi suara flash pada trafo #2 ,TRF#2 150/20 kV,150KV,3,M.UPT,SABTU,25,JAN,2026,15:31,,
7,GANDUL,ULTG TANGERANG SELATAN,GI 150KV SERPONG,TRF#2 150/20 kV,Perbaikan Temuan Hotspot pada Terminal Sekunder CT dan Investigasi CF pada INC Trafo#2 ,TRF#2 150/20 kV,150KV,3,M.UPT,SENIN,26,JAN,2026,22:44,,
8,CIKUPA,ULTG CIKUPA,GI 150KV CITRA HABITAT,TRAFO #4,EMERGENCY Penggantian Relay OCR/ GFR Inc 20kV Trafo #4,TRAFO #4,150KV,3,M.UPT,RABU,11,FEB,2026,16:49,,
9,CIKUPA,ULTG BALARAJA,GI 150KV CIKANDE,BAY GMS,Pekerjaan Emergency penggantian CVT fasa R Bay GMS,BAY GMS,150KV,3,M.UPT,RABU,25,FEB,2026,06:28,,
10,GANDUL,ULTG PETUKANGAN,GIS 150KV CIRENDEU ,TRF#1 150/20 kV,Perbaikan PD pada inc trafo#1 ,TRF#1 150/20 kV,150KV,3,M.UPT,SELASA,24,FEB,2026,20:34,,
11,CIKUPA,ULTG SERANG,GI 150KV PUNCAK ARDI MULYA,Bay Trafo #4,Investigasi temuan PD Trafo 4,Bay Trafo #4,150KV,3,M.UPT,KAMIS,26,FEB,2026,18:14,,
12,GANDUL,ULTG PETUKANGAN,GIS 150KV ANTASARI,TRF#3 150/20 kV,Pasca pekerjaan investigasi dan tindak lanjut gangguan trafo 3 gis antasari,TRF#3 150/20 kV,150KV,3,M.UPT,RABU,4,MAR,2026,,,
13,GANDUL,ULTG TANGERANG SELATAN,GIS 150KV SAWANGAN,SUTT Gandul - Sawangan,"Pekerjaan Emergency bay Gandul #2, penambahan mur sakle di T.214 phasa R SUTT Gandul-Sawangan",SUTT Gandul - Sawangan,150KV,3,M.UPT,KAMIS,5,MAR,2026,10:48,,
14,DURIKOSAMBI,ULTG ANGKE,GI 150KV ANGKE,Bay Ancol #1,Investigasi DC Ground pada Rectifier Unit 4,Bay Ancol #1,150kV,3,MUPT,SABTU,9,MAR,2025,13:07,14:27,
15,DURIKOSAMBI,ULTG ANGKE,GI 150KV ANGKE,Tanpa padam,"Investigasi anomali alarm HMI, TCS dan Alarm breaker failure Bay Ketapang #1",Tanpa padam,150kV,5,MUPT,SABTU,2,MAR,2025,08:00,16:00,
16,GANDUL,ULTG TANGERANG SELATAN,GI 150KV SERPONG,PHT 150KV Bintaro #2,Pekerjaan Emergency Perbaikan Hotspot DS Bus A Phasa S Bay Bintaro #2 ,PHT 150KV Bintaro #2,150KV,3,MUPT,SENIN,9,MAR,2026,21:39,,
17,GANDUL,ULTG TANGERANG SELATAN,GI 150KV SERPONG,,Pekerjaan Emergency Perbaikan Hotspot  DS Bus A Phasa T,,150KV,3,MUPT,SENIN,9,MAR,2026,21:39,,
18,GANDUL,ULTG TANGERANG SELATAN,GI 150KV SERPONG,PHT 150KV Sawangan #2,Pekerjaan Emergency Resetting DS Bus A Bay Sawangan #2,PHT 150KV Sawangan #2,150KV,3,MUPT,SENIN,9,MAR,2026,21:39,,
19,GANDUL,ULTG TANGERANG SELATAN,GIS 150KV SAWANGAN,SUTT 150KV Sawangan-Serpong,Pekerjaan Pergantian isolator di Tower 22 SUTT 150KV Sawangan-Serpong,SUTT 150KV Sawangan-Serpong,150KV,3,MUPT,KAMIS,12,MAR,2026,09:33,,
20,GANDUL,ULTG GANDUL,GITET 500KV DEPOK,PHT 500KV TASIKMALAYA,Perbaikan konduktor putus di wavetrap bay Tasikmalaya,PHT 500KV TASIKMALAYA,500KV,3,MUPT,JUM'AT,20,MAR,2026,22:12,,
21,GANDUL,ULTG TANGERANG SELATAN,GI 150KV SERPONG,PMT 150KV KAPASITOR #1,Emergency Investigasi PMT 150kV Kapasitor #1 ,PMT 150KV KAPASITOR #1,150KV,3,MUPT,SELASA,7,APR,2026,19:32,,
22,DURIKOSAMBI,ULTG ANGKE,GI 150KV DADAP,Lontar #1,Perbaikan anomali indikasi Goose ID Absent pada relay Distance Bay Lontar 1,Lontar #1,150kV,3,MUPT,SABTU,25,MAY,2025,16:26,19:03,
23,DURIKOSAMBI,ULTG ANGKE,GI 150KV DADAP,TRAFO #1,Perbaikan anomali sample value alarm pada rele OCR HV dan rele differensia Bay Trafo #1,TRAFO #1,150kV,3,MUPT,MINGGU,7,JUL,2025,19:31,23:59,
24,DURIKOSAMBI,ULTG ANGKE,GI 150KV MUARAKARANG BARU,5B4,Investigasi Spring PMT Discharge Fasa R 5B4,5B4,150kV,3,MUPT,SABTU,9,MAR,2025,16:36,19:41,
25,DURIKOSAMBI,ULTG ANGKE,GI 150KV MUARAKARANG BARU,Bay Intertie A arah Muarakarang Lama #1,Investigasi Gangguan Bay Intertie A arah Muarakarang Lama #1,Bay Intertie A arah Muarakarang Lama #1,150kV,3,MUPT,JUMAT,12,JAN,2025,15:25,23:39,
26,DURIKOSAMBI,ULTG ANGKE,GI 150KV MUARAKARANG BARU,Bay Muarakarang Baru #1,Perbaikan Hotspot klem SE Fasa R dan T Bay UGC GIS Muarakarang Baru #1,Bay Muarakarang Baru #1,150kV,3,MUPT,MINGGU,7,APR,2025,22:47,01:36,
27,DURIKOSAMBI,ULTG ANGKE,GI 150KV MUARAKARANG BARU,CB 5B4 dan 5AB4,Perbaikan Hotspot CF PMS B4.1 dan B4.3,CB 5B4 dan 5AB4,150kV,3,MUPT,SABTU,6,APR,2025,21:27,23:45,
28,DURIKOSAMBI,ULTG ANGKE,GI 150KV MUARAKARANG BARU,Tanpa padam,Perbaikan Hotspot PMS 5A3.2,Tanpa padam,150kV,5,MUPT,SENIN,18,MAR,2025,21:18,22:42,
29,DURIKOSAMBI,ULTG ANGKE,GI 150KV MUARAKARANG LAMA,Bay PLTU 5,Perbaikan PMS Line 5A7.3 (arah PLTU 5) macet,Bay PLTU 5,150kV,3,MUPT,MINGGU,18,FEB,2025,10:17,16:12,
30,GANDUL,ULTG GANDUL,GITET 500KV GANDUL,PMT 500KV 7AB3.2 FASA S,Perbaikan mekanik penggerak DS yang macet pada DS Pengapit 7AB3.2 Fasa S GITET GANDUL,PMT 500KV 7AB3.2 FASA S,500KV,3,MUPT,MINGGU,19,APR,2026,18:45,,
31,GANDUL,ULTG GANDUL,GITET 500KV DEPOK,PHT 150KV Cibinong #1,Perbaikan Hotspot Line Droper Bay Cibinong #1,PHT 150KV Cibinong #1,150KV,3,MUPT,RABU,22,APR,2026,02:07,,
32,GANDUL,ULTG TANGERANG SELATAN,GITET 500KV LENGKONG,PMS 7B1.1 FASA R DAN S,Perbaikan hotspot PMS 7B1.1 FASA R DAN S,PMS 7B1.1 FASA R DAN S,150KV,3,MUPT,SELASA,28,APR,2026,22:04,,
,CIKUPA,ULTG SERANG,TRS 150KV SERANG-GMS,TRS 150KV SERANG-GMS #2,Pekerjaan padam emergency perbaikan hotspot klem pistol press T.37 arah T.36 phasa R Serang-GMS 2,TRS 150KV SERANG-GMS #2,150KV,3,MUPT,KAMIS,2,APR,2026,20:23,,
,CIKUPA,ULTG SERANG,GI 150KV GORDA,BAY PUCAM,emergency temuan Hotspot di CF ph S PMS bus A bay Pucam,BAY PUCAM,150KV,3,MUPT,SENIN,13,APR,2026,20:26,,
,CIKUPA,ULTG CIKUPA,TRS 150KV CITRA HABITAT-SINAR SAHABAT,TRS 150KV CITRA HABITAT-SINAR SAHABAT #2,Emergency Perbaikan TLA T.AH3 SUTT 150kV Citra Habitat -SINAR SAHABAT 2,TRS 150KV CITRA HABITAT-SINAR SAHABAT #2,150KV,3,Pihak Luar,RABU,22,APR,2026,17:55,,
,CIKUPA,ULTG SERANG,TRS 150KV CIKANDE-GMS,TRS 150KV CIKANDE-GMS,"Pekerjaan perbaikan temuan hotspot pada clem jumper phasa R,S twr 1 dan phasa R,S,T twr 19 PHT GMS - Cikande",TRS 150KV CIKANDE-GMS,150KV,3,PLN PROYEK,RABU,29,APR,2026,19:59,,
,CIKUPA,ULTG SERANG,TRS 150KV CIKANDE-GMS,TRS 150KV CIKANDE-GMS,Pekerjaan Penambahan Spacer Pengapit Mid span Join dan Dead end Clamp pada Pekerjaan Rekonduktoring SUTT 150 kV Ciikande New (T.21 A) - Cikande,TRS 150KV CIKANDE-GMS,150KV,3,PLN PROYEK,MINGGU,10,MEI,2026,15:03,,
,DURIKOSAMBI,ULTG ANGKE,GIS 150KV MUARAKARANG BARU,GT 3.1,Pengujian Relay Internal GT 3.1 oleh PLN NP,GT 3.1,150kV,3,PIHAK LUAR,SABTU,22,JUN,2025,10:17,14:13,
,DURIKOSAMBI,ULTG ANGKE,GIS 150KV MUARAKARANG BARU,GT 3.1,Pengujian Relay Internal GT 3.1 oleh PLN NP,GT 3.1,150kV,3,,SELASA,25,JUN,2025,11:15,12:05,
,DURIKOSAMBI,ULTG ANGKE,GIS 150KV NEW SENAYAN,Tanpa padam,Penambahan Gas SF6 Kompartemen DS Bus B Bay Trafo #2,Tanpa padam,150kV,5,MUPT,JUMAT,17,MAY,2025,08:00,16:00,
,DURIKOSAMBI,ULTG ANGKE,GIS 150KV PANTAI INDAH KAPUK,Bay Muarakarang Baru #1,Perbaikan Hotspot Line Dropper Fasa T Bay Muarakarang Baru #1,Bay Muarakarang Baru #1,150kV,3,MUPT,SENIN,8,JAN,2025,23:31,04:08,
,DURIKOSAMBI,ULTG ANGKE,GIS 150KV PANTAI INDAH KAPUK,Tanpa padam,Investigasi alarm HMI AC failure Bay Trafo #2,Tanpa padam,150kV,5,MUPT,SABTU,2,MAR,2025,08:00,16:00,
,GANDUL,ULTG TANGERANG SELATAN,GIS 150KV SAWANGAN,TRF#2 GIS 150KV SAWANGAN,Investigasi desis kabel power INC Bay Trafo #2,TRF#2 GIS 150KV SAWANGAN,150KV,3,PLN PROYEK,RABU,20,MEI,2026,09:32,,
,GANDUL,ULTG PETUKANGAN,GIS 150KV GANDARIA,INC TRF#1 GIS 150KV GANDARIA,Investigasi temuan suara desis pada incoming trafo 1 ,INC TRF#1 GIS 150KV GANDARIA,150KV,3,MUPT,KAMIS,21,MEI,2026,17:04,,
,GANDUL,ULTG TANGERANG SELATAN,GIS 150KV SAWANGAN,PMT 150KV BAY GANDUL #2,Emergency penambahan gas SF6 Bay Gandul #2,PMT 150KV BAY GANDUL #2,150KV,3,MUPT,SABTU,23,MEI,2026,13:07,,
,CIKUPA,ULTG CIKUPA,GI 150KV CIKUPA,Bay Trafo 3,Pekerjaan emergency perbaikan hotspot pada trafo # 3,Bay Trafo 3,150KV,3,MUPT,RABU,13,MEI,2026,10:05,,
,CIKUPA,ULTG BALARAJA,GI 150KV BALARAJA,Bay Trafo 1,Investigasi & Perbaikan short pada rangkaian tripping 1 Bay Trafo #1,Bay Trafo 1,150KV,3,MUPT,RABU,27,MEI,2026,14:10,,
,GANDUL,ULTG TANGERANG SELATAN,GIS 150KV SERPONG,PHT 150kV Serpong-Bintaro #1,Evakuasi Benda Asing T.13 SUTT 150KV Serpong-Bintaro #1 Phasa R,PHT 150kV Serpong-Bintaro #1,150KV,3,MUPT,KAMIS,11,JUN,2026,18:12,,
,GANDUL,ULTG TANGERANG SELATAN,GIS 150KV SERPONG,TRF #1 150/20KV,Perbaikan kebocoran Gelas Penduga Trafo 1 Serpong,TRF #1 150/20KV,150KV,3,MUPT,JUM'AT,12,JUN,2026,22:24,,
,GANDUL,ULTG TANGERANG SELATAN,GI 150KV LENGKONG,KAPASITOR 150KV,Temuan Hotspot pada finger PMS Rel A phase S Kapasitor 1 GI Lengkong,KAPASITOR 150KV,150KV,3,MUPT,KAMIS,18,JUN,2026,22:46,,
,CIKUPA,ULTG BALARAJA,TRS 150KV LAUTAN STEEL-SPINMILL,TRS 150KV LAUTAN STEEL-SPINMILL #2,"Pekerjaan Emergency pengambilan benda asing ( terpal ), di TRS Jalur SUTT 150kV LSI - Spinmill #2 Sirkir #2 Fasa S ( spacer ke-3 )",TRS 150KV LAUTAN STEEL-SPINMILL #2,150KV,3,MUPT,MINGGU,28,JUN,2026,14:07,,
,CIKUPA,ULTG CIKUPA,TRS 150KV CIKUPA-SUVARNA,TRS 150KV CIKUPA-SUVARNA #1,Rekomisioning rele dan regalvanis Archinghorn Tower TD70 Phase T Sirkit #1 SUTT 150kV Cikupa-Suvarna #1 pasca gangguan,TRS 150KV CIKUPA-SUVARNA #1,150KV,3,MUPT,MINGGU,28,JUN,2026,23:14,,
,GANDUL,ULTG TANGERANG SELATAN,GIS 150KV BINTARO,SUTT 150KV Bintaro-Serpong #2,Evakuasi layang-layang T.30 SUTT 150KV Bintaro-Serpong #2,SUTT 150KV Bintaro-Serpong #2,150KV,3,MUPT,SENIN,22,JUN,2026,13:40,,
,GANDUL,ULTG TANGERANG SELATAN,GI 150KV LENGKONG,TRF #2 150/20KV,Top up minyak minyak dan investigasi rembesan minyak trafo 2 gi lengkong,TRF #2 150/20KV,150KV,3,MUPT,JUM'AT,26,JUN,2026,11:16,,
,GANDUL,ULTG TANGERANG SELATAN,GI 150KV LENGKONG,KAPASITOR 150KV,Perbaikan dan pembersihan pada bagian finger DS Bus A & Stud DS Bus B Kapasitor 1,KAPASITOR 150KV,150KV,3,MUPT,RABU,1,JUL,2026,20:35,,
,GANDUL,ULTG TANGERANG SELATAN,TRS 150KV Bintaro-Serpong #1,SUTT 150KV Bintaro-Serpong #1,Emergency benda asing di SUTT Bay Bintaro-Serpong #1,SUTT 150KV Bintaro-Serpong #1,150KV,3,MUPT,SELASA,7,JUL,2026, ,,
,GANDUL,ULTG PETUKANGAN,TRS Bintaro - Petukangan #2,SUTT Bintaro - Petukangan #2,Emergency evakuasi layang-layang di SUTT T7-T8 Tanpa padam Bay Bintaro-Petukangan #2 ,SUTT Bintaro - Petukangan #2,150KV,5,MUPT,RABU,8,JUL,2026,15:56,,
,GANDUL,ULTG TANGERANG SELATAN,GI 150KV LEGOK,KAPASITOR 150KV,Temuan Hotspot pada PMS Bus B Klem Fasa R arah busbar bay Kapasitor #1,KAPASITOR 150KV,150KV,3,MUPT,JUM'AT,10,JUL,2026,19:02,,
,GANDUL,ULTG TANGERANG SELATAN,GIS 150KV SAWANGAN,TRS 150KV Sawangan - Serpong #2,Evakuasi benda asing di T.32 - 33 SUTT 150KV Sawangan - Serpong #2,TRS 150KV Sawangan - Serpong #2,150KV,3,MUPT,RABU,15,JUL,2026,14:32,,
,GANDUL,ULTG TANGERANG SELATAN,GI 150KV LENGKONG,BUSBAR #A,Pekerjaan padam emergency Busbar A Mobilisasi Trafo 30 MVA di GI Lengkong Lama,BUSBAR #A,150KV,3,MUPT,MINGGU,19,JUL,2026,21:40,,
,CIKUPA,ULTG CIKUPA,TRS 150KV SEPATAN-PASAR KEMIS BARU,TRS 150KV SEPATAN-PASAR KEMIS BARU #2,emergency terkait pengamanan kebakaran dibawah SUTT Pasar Kemis baru - Sepatan Di T7 - 8,TRS 150KV SEPATAN-PASAR KEMIS BARU #2,150KV,3,MUPT,KAMIS,23,JUL,2026,17:00,,
,CIKUPA,ULTG CIKUPA,TRS 150KV SEPATAN-PASAR KEMIS BARU,TRS 150KV SEPATAN-PASAR KEMIS BARU #1,emergency terkait pengamanan kebakaran dibawah SUTT Pasar Kemis baru - Sepatan Di T7 - 8,TRS 150KV SEPATAN-PASAR KEMIS BARU #1,150KV,3,MUPT,KAMIS,23,JUL,2026,22:36,,
,DURIKOSAMBI,ULTG ANGKE,GIS 150KV PANTAI INDAH KAPUK,Tanpa padam,Penambahan Gas SF6 Kompartemen Air Bushing Fasa R Bay Daan Mogot #1,Tanpa padam,150kV,5,MUPT,SABTU,6,APR,2025,08:00,16:00,
,DURIKOSAMBI,ULTG ANGKE,GIS 150KV PANTAI INDAH KAPUK,Tanpa padam,Penambahan Gas SF6 Kompartemen Air Bushing Fasa R Bay Daan Mogot #1,#REF!,150kV,5,MUPT,SELASA,19,MAR,2025,08:00,16:00,
,DURIKOSAMBI,ULTG ANGKE,SKTT 150KV DURIKOSAMBI-KEBONJERUK,SKTT 150kV DURIKOSAMBI-KEBONJERUK #2,Investigasi Kebocoran SKTT Durikosambi-Kebon Jeruk #2,SKTT 150kV DURIKOSAMBI-KEBONJERUK #2,150kV,3,MUPT,SELASA,16,JUL,2025,00:20,22:50,
,DURIKOSAMBI,ULTG ANGKE,SKTT 150KV DURIKOSAMBI-KEBONJERUK,Tanpa padam,Penambahan Minyak SKTT 150KV DURIKOSAMBI-KEBONJERUK  #2joint 12 arah 18 Fas R dan T,Tanpa padam,150kV,5,MUPT,JUMAT,12,APR,2025,08:00,16:00,
,GANDUL,ULTG TANGERANG SELATAN,GI 150KV LENGKONG,Busbar #B,Padam emergency Busbar B Mobilisasi Trafo 30 MVA di GI Lengkong Lama,Busbar #B,150KV,3,MUPT,RABU,22,JUL,2026,11:08,,
,GANDUL,ULTG TANGERANG SELATAN,GI 150KV SERPONG,KAPASITOR 150KV,Unbalance Alarm pada Bay Kapasitor 2 GI 150KV Serpong ,KAPASITOR 150KV,150KV,3,MUPT,JUM'AT,24,JUL,2026,10:03,,
,GANDUL,ULTG TANGERANG SELATAN,GIS 150KV SAWANGAN,PHT 150kV Gandul #2,Top Up GAS SF6 Bay Line Gandul #2,PHT 150kV Gandul #2,150KV,3,MUPT,SENIN,27,JUL,2026,09:27,,
,CIKUPA,ULTG CIKUPA,GIS 150KV SUVARNA SUTERA,BUSBAR A DAN BAY CIKUPA #1,Pekerjaan Perbaikan Kebocoran Gas SF6 Kompartemen DS Bus A,BUSBAR A DAN BAY CIKUPA #1,150KV,3,MUPT,KAMIS,6,AGU,2026,22:15,,
,GANDUL,ULTG TANGERANG SELATAN,GI 150KV SERPONG,PHT 150KV Bintaro#2,Adanya Anomali pada Bay Bintaro#2 GI 150KV Serpong,PHT 150KV Bintaro#2,150KV,3,MUPT,KAMIS,13,AGU,2026,22:02,18:55,
,GANDUL,ULTG GANDUL,GITET 500KV GANDUL,INC IBT#1 GI Gandul,Penggantian Manometer PMT 150KV Inc IBT#1 GI Gandul,INC IBT#1 GI Gandul,150KV,3,MUPT,JUM'AT,14,AGU,2026,23:40,02:39,
,GANDUL,ULTG GANDUL,GITET 150KV DEPOK,KAPASITOR 150KV,Investigasi bunyi denging dan pengujian bay kapasitor di GI 150KV DEPOK,KAPASITOR 150KV,150KV,3,MUPT,JUM'AT,19,AGU,2026,09:48,16:45,
,CIKUPA,ULTG CIKUPA,TRS 150KV SEPATAN-TELUKNAGA,TRS 150KV SEPATAN-TELUKNAGA #1,Pekerjaan Pengambilan layang-layang SUTT Sepatan-Teluk Naga#1,TRS 150KV SEPATAN-TELUKNAGA #1,150KV,3,MUPT,RABU,19,AGU,2026,19:48,,
,GANDUL,ULTG TANGERANG SELATAN,GI 150KV LEGOK,KAPASITOR 150KV,Investigasi Kapasitor 2 Unbalance,KAPASITOR 150KV,150KV,3,MUPT,KAMIS,20,AGU,2026,10:33,16:52,
,GANDUL,ULTG TANGERANG SELATAN,GI 150KV LEGOK,KAPASITOR 150KV,Uji performa test after unbalanceing bay Kapasitor 2,KAPASITOR 150KV,150KV,3,MUPT,KAMIS,24,AGU,2026,10:33,16:10,
,DURIKOSAMBI,ULTG DURIKOSAMBI,GI 150KV CENGKARENG,Trafo #4,Commisioning RC Inc Trafo #4,Trafo #4,150kV,3,MUP2D,SELASA,30,JAN,2026,13:31,22:42,
,DURIKOSAMBI,ULTG DURIKOSAMBI,GI 150KV DURIKOSAMBI,Tanpa padam,Perbaikan hotspot CF DS Bus A Bay Kopel #1,Tanpa padam,150kV,5,MUPT,SENIN,18,MAR,2026,08:00,16:00,
,DURIKOSAMBI,ULTG DURIKOSAMBI,GI 150KV TANGERANG,JATAKE BARU#2,Investigasi Spring PMT Bay Jatake Baru #2 Fasa S,JATAKE BARU#2,150kV,3,MUPT,SENIN,22,JUL,2026,21:28,00:14,
,DURIKOSAMBI,ULTG DURIKOSAMBI,GI 150KV TANGERANG,Trafo #4,Anomali Relay Differential Trafo #4,Trafo #4,150kV,3,MUPT,KAMIS,25,APR,2026,22:31,03:33,
,DURIKOSAMBI,ULTG DURIKOSAMBI,GIS 150KV ALAM SUTERA,Tanpa padam,Investigasi VT Fail Bay Ciledug #2,Tanpa padam,150kV,5,MUPT,JUMAT,23,FEB,2026,08:00,16:00,
,DURIKOSAMBI,ULTG DURIKOSAMBI,GIS 150KV METLAND,Trafo #1,Investigasi Anomali Pembacaan Beban kWh Trafo #1,Trafo #1,150kV,3,MUPT,SELASA,5,MAR,2026,18:04,20:38,
,GANDUL,ULTG GANDUL,GIS 150KV DEPOK BARU,CIMANGGIS #1,Perbaikan Klem CT Dan Sealing End Bay Cimanggis 1,CIMANGGIS#1,150KV,3,MUPT,KAMIS,3,SEP,2026,21:21,00:45,
