,CAWANG,CAWANG,4,5,6,7,8,9,10,11,12,13,14,15,16,17,18,19,20,21,22,23,24,25,26,27,,28,,29,30,31,32,33,34,35,36,37,38,39,40,41,42,43,44,45,46,47,48,49,50,51,52,53,54,55,56,57,58,59,60,61,62,63,64,65,66,67,68,69,70,71,72,73,74,75,76,77,78,79,80,81,82,83,84,85,86,87,88,89,90,91,92,93,94,95,96,97,98,99,100,101,102,103,104,105,106,107,108,109,110,111,112,113,114,115,116,117,118,119,120,121,122,123,124,125,126,127,128,129,130,131,132,133,134,135,136,137,138,139,140,141,142,143,144,145,146,147,148
NO,ULTG,LOKASI,BAY,VALIDASI,JENIS BAY,TEG ( kV ),URAIAN PEKERJAAN,Penanggung Jawab,Pelaksana,RENCANA,,,,,STATUS,PENYEBAB JADWAL ULANG,,"KETERANGAN (justifikasi ABK, Durasi lama, Pekerjaan Dimulai tidak on time)


",REALISASI,,,,,,,LAPTEK,LAPTEK Harpro,"JUMLAH PERSONIL PELAKSANA HAR
(HAR GI DAN HAR PROM)
TIDAK TERMASUK PENGAWAS",JMLH HELPER,ROH/ROB/ROT,PEMELIHARAAN BAY  IBT,,,,,,,,,,,,,,,,,,,,,,,,,,,PEMELIHARAAN BAY TRAFO,,,,,,,,,,,,,,,,,,,,,,,,,,PEMELIHARAAN BAY PENGHANTAR 500 KV,,,,,,PEMELIHARAAN BAY PENGHANTAR 150kV (KONFIGURASI DOUBLE BUSBAR),,,,,,,,,PEMELIHARAAN BAY PENGHANTAR 150kV (KONFIGURASI DIAMETER),,,,,,,,PEMELIHARAAN BAY KAPASITOR,,,,,,,PEMELIHARAAN PMT DIAMETER 500,,,,PEMELIHARAAN PMT DIAMETER 150,,,,PEMELIHARAAN BAY  REAKTOR 500,,,PEMELIHARAAN BAY  REAKTOR 150,,,,,,PEMELIHARAAN BAY KOPEL,,,,,,PEMELIHARAAN BAY BUSBAR (KONFIGURASI DOUBLE BUSBAR),,,PEMELIHARAAN BAY BUSBAR (KONFIGURASI DIAMETER),,,,PEMELIHARAAN TRAFO (KONDISIONAL),,OPTIMASI (P1 / P2),,,
,,,,,,,,,,,,,,,,,,,,,,,,,,,,,,,PMT 150 kV,CT 500,CT 150,PMS Rel 1 150,PMS Rel 2 150,PMS Line 500,PMS Line 150,PT/CVT,LA,Trafo Tenaga (tahanan isolasi dan pentanahan),Kontinuitas dan Dynamic Resistance,CT Netral 500 kV,CT Netral 150 kV,Tan Delta Bushing,Tan Delta Belitan Trafo,Motor Kipas Trafo,,,,Motor Sirkulasi,Motor OLTC,Teg Tembus Minyak,Rele Mekanik,CT REF 500,CT REF 150,PROTEKSI,% Penyelesaian Pekerjaan Per Lokasi GI,PMT 150 kV,PMT 20 kV,CT 150,CT 20,PMS Rel 1,PMS Rel 2,PT/CVT,LA,Trafo Tenaga (tahanan isolasi dan pentanahan),Kontinuitas dan Dynamic Resistance,CT Netral 150 kV,Tan Delta Bushing,Tan Delta Belitan Trafo,Motor Kipas Trafo,,,,Motor Sirkulasi,Motor OLTC,Teg Tembus Minyak,Rele Mekanik,NGR,CT REF 20,CT  SBEF,PROTEKSI,% Penyelesaian Pekerjaan Per Lokasi GI,PMS Line,CT 500,PT/CVT,LA,PROTEKSI,% Penyelesaian Pekerjaan Per Lokasi GI,PMT 150 kV,CT 150,PMS Rel 1,PMS Rel 2,PT/CVT,LA,PROTEKSI,PMS Line,% Penyelesaian Pekerjaan Per Lokasi GI,PT/CVT,LA,CT 150,PROTEKSI,"PMS PENGAPIT 
A / B (TIDAK BERTEGANGAN)","PMS PENGAPIT 
AB ( TIDAK BERTEGANGAN)",PMS Line,% Penyelesaian Pekerjaan Per Lokasi GI,PMT 150 kV,CT 150,LA,PT/CVT,KAPASITOR BANK,PROTEKSI,% Penyelesaian Pekerjaan Per Lokasi GI,PMT 500 kV,CT 500,Proteksi,% Penyelesaian Pekerjaan Per Lokasi GI,PMT 150 kV,CT 150,Proteksi,% Penyelesaian Pekerjaan Per Lokasi GI,REAKTOR ,PROTEKSI,% Penyelesaian Pekerjaan Per Lokasi GI,REAKTOR ,PMT 150,CT 150,LA,PROTEKSI,% Penyelesaian Pekerjaan Per Lokasi GI,PMS 150 kV,PMT 150 kV,CT 150,PT/CVT,PROTEKSI,% Penyelesaian Pekerjaan Per Lokasi GI,PT/CVT,PROTEKSI,% Penyelesaian Pekerjaan Per Lokasi GI,PT/CVT,PROTEKSI,PMS YANG TERHUBUNG KE BUSBAR (TIDAK BERTEGANGAN),% Penyelesaian Pekerjaan Per Lokasi GI,Penggantian MInyak Trafo,Modifikasi atau Penggantian Microswitch,,,,
,,,,,,,,,,BULAN,TANGGAL,DARI JAM,SAMPAI JAM,"LAMA PEKERJAAN
 (MENIT)",,CONTROLLABLE/UNCONTROLLABLE,ALASAN,,MULAI PEKERJAAN,,,SELESAI PEKERJAAN,,,"LAMA PEKERJAAN
 (MENIT)",,,,,,,,,,,,,,,,,,,,,Kipas 1,Kipas 2,Kipas 3,Kipas 4,,,,,,,,,,,,,,,,,,,,,,Kipas 1,Kipas 2,Kipas 3,Kipas 4,,,,,,,,,,,,,,,,,,,,,,,,,,,,,,,,,,,,,,,,,,,,,,,,,,,,,,,,,,,,,,,,,,,,,,,,,,,Normalisasi Penulisan Tanggal
,,,,,,,,,,,,,,,,,,,BULAN,TANGGAL,JAM,BULAN,TANGGAL,JAM,,,,,,,8,3,1,5,5,5,5,3,3,2,2,3,3,3,3,2,2,2,2,2,2,2,2,3,3,9,85,8,8,3,1,5,5,0,3,2,2,3,3,3,2,2,2,2,0,2,2,2,2,1,1,9,73,5,3,3,3,8,22,8,3,5,5,3,3,5,5,37,3,3,3,7,5,5,5,31,8,3,3,3,3,7,27,8,3,2,13,8,3,2,13,4,6,10,4,8,3,3,6,24,5,8,3,3,4,22,3,2,5,3,2,5,10,1,2,,VERIFIKASI KINERJA,,
,,,,,,,,,,,,,,,,,,,,,,,,,,,,,,,,,,,,,,,,,,,,,,,,,,,,,,,,,,,,,,,,,,,,,,,,,,,,,,,,,,,,,,,,,,,,,,,,,,,,,,,,,,,,,,,,,,,,,,,,,,,,,,,,,,,,,,,,,,,,,,,,,,,,,
,ULTG CAWANG,GIS 150KV CAWANG BARU,PHT 150kV ABADI GUNA PAPAN #1,,PENGHANTAR 150kV,,Pemeliharaan Rutin 2 Tahunan,M. ULTG,ULTG,JAN, 11,8:00:00,16:00:00,480,JADWAL ULANG,UNCONTROLLABLE,UnCon. Ijin Padam P2B/APD/KIT (Sistem),Kondisi sisrem tidak bisa bersamaan dengan pekerjaan RC di SUTT Cawang Baru-Durentiga,,,,,,,,,,,,,,,,,,,,,,,,,,,,,,,,,,,,,,,,,,,,,,,,,,,,,,,,,,,,,,,,,,,,,,,,,,,,,,,,,,,,,,,,,,,,,,,,,,,,,,,,,,,,,,,,,,,,,,,,,,,,,,,,,,,
,ULTG MAMPANG,GIS 150KV ABADI GUNA PAPAN,PHT 150kV CAWANG BARU #1,,PENGHANTAR 150kV,,Pemeliharaan Rutin 2 Tahunan,M. ULTG,ULTG,JAN, 11,8:00:00,16:00:00,480,JADWAL ULANG,UNCONTROLLABLE,UnCon. Ijin Padam P2B/APD/KIT (Sistem),Kondisi sisrem tidak bisa bersamaan dengan pekerjaan RC di SUTT Cawang Baru-Durentiga,,,,,,,,,,,,,,,,,,,,,,,,,,,,,,,,,,,,,,,,,,,,,,,,,,,,,,,,,,,,,,,,,,,,,,,,,,,,,,,,,,,,,,,,,,,,,,,,,,,,,,,,,,,,,,,,,,,,,,,,,,,,,,,,,,,
,ULTG CAWANG,GIS 150KV MINIATUR,BUSBAR #1 150kV,,BUSBAR 150kV,,Pemeliharaan Rutin 2 Tahunan,M. ULTG,ULTG,JAN, 24,8:00:00,16:00:00,480,TERLAKSANA,,,,JAN, 24,8:13:00,JAN, 24,11:27:00,194,ADA,,,,,,,,,,,,,,,,,,,,,,,,,,,,,,,,,,,,,,,,,,,,,,,,,,,,,,,,,,,,,,,,,,,,,,,,,,,,,,,,,,,,,,,,,,,,,,,,,,,,,,,,,,,,,,,,,,,,,,,,,,,
,ULTG CAWANG,GIS 150KV MINIATUR,BUSBAR #2 150kV,,BUSBAR 150kV,,Pemeliharaan Rutin 2 Tahunan,M. ULTG,ULTG,JAN, 24,8:00:00,16:00:00,480,TERLAKSANA,,,,JAN, 24,11:04:00,JAN, 24,12:26:00,82,ADA,,,,,,,,,,,,,,,,,,,,,,,,,,,,,,,,,,,,,,,,,,,,,,,,,,,,,,,,,,,,,,,,,,,,,,,,,,,,,,,,,,,,,,,,,,,,,,,,,,,,,,,,,,,,,,,,,,,,,,,,,,,
,ULTG CAWANG,GIS 150KV MINIATUR,KOPEL BUS 150kV,,KOPEL 150kV,,Pemeliharaan Rutin 2 Tahunan,M. ULTG,ULTG,JAN, 24,8:00:00,16:00:00,480,TERLAKSANA,,,,JAN, 24,10:29:00,JAN, 24,17:02:00,393,ADA,,,,,,,,,,,,,,,,,,,,,,,,,,,,,,,,,,,,,,,,,,,,,,,,,,,,,,,,,,,,,,,,,,,,,,,,,,,,,,,,,,,,,,,,,,,,,,,,,,,,,,,,,,,,,,,,,,,,,,,,,,,
,ULTG CAWANG,GI 150KV CIBUBUR,PHT 150kV CIBINONG #2,,PENGHANTAR 150kV,,Pemeliharaan Rutin 2 Tahunan,M. ULTG,ULTG,JAN, 29,8:00:00,16:00:00,480,TERLAKSANA,,,,JAN, 29,10:04:00,JAN, 29,17:21:00,437,ADA,,13,5,,,,,,,,,,,,,,,,,,,,,,,,,,,,,,,,,,,,,,,,,,,,,,,,,,,,,,,,,,,,,,,,,,,,,,,,,,,,,,,,,,,,,,,,,,,,,,,,,,,,,,,,,,,,,,,,,,,,,,,,
,ULTG CAWANG,GIS 150KV PONDOK KELAPA,,,BUSBAR 150kV,,Pemeliharaan Rutin 2 Tahunan,M. ULTG,ULTG,JAN, 31,8:00:00,16:00:00,480,JADWAL ULANG,UNCONTROLLABLE,UnCon. Bersamaan dengan Pekerjaan Emergency,Bersamaan dengan investigasi tap setting TRF #3 GI Jatirangon,,,,,,,,,,,,,,,,,,,,,,,,,,,,,,,,,,,,,,,,,,,,,,,,,,,,,,,,,,,,,,,,,,,,,,,,,,,,,,,,,,,,,,,,,,,,,,,,,,,,,,,,,,,,,,,,,,,,,,,,,,,,,,,,,,,
,ULTG CAWANG,GIS 150KV PONDOK KELAPA,BUSBAR #2 150kV,,BUSBAR 150kV,,Pemeliharaan Rutin 2 Tahunan,M. ULTG,ULTG,JAN, 31,8:00:00,16:00:00,480,JADWAL ULANG,UNCONTROLLABLE,UnCon. Bersamaan dengan Pekerjaan Emergency,Bersamaan dengan investigasi tap setting TRF #3 GI Jatirangon,,,,,,,,,,,,,,,,,,,,,,,,,,,,,,,,,,,,,,,,,,,,,,,,,,,,,,,,,,,,,,,,,,,,,,,,,,,,,,,,,,,,,,,,,,,,,,,,,,,,,,,,,,,,,,,,,,,,,,,,,,,,,,,,,,,
,ULTG CAWANG,GIS 150KV PONDOK KELAPA,KOPEL BUS 150kV,,KOPEL 150kV,,Pemeliharaan Rutin 2 Tahunan,M. ULTG,ULTG,JAN, 31,8:00:00,16:00:00,480,JADWAL ULANG,UNCONTROLLABLE,UnCon. Bersamaan dengan Pekerjaan Emergency,Bersamaan dengan investigasi tap setting TRF #3 GI Jatirangon,,,,,,,,,,,,,,,,,,,,,,,,,,,,,,,,,,,,,,,,,,,,,,,,,,,,,,,,,,,,,,,,,,,,,,,,,,,,,,,,,,,,,,,,,,,,,,,,,,,,,,,,,,,,,,,,,,,,,,,,,,,,,,,,,,,
,ULTG MAMPANG,GIS 150KV DURENTIGA,PHT 150kV ANTASARI #2,,PENGHANTAR 150kV,,Pemeliharaan Rutin 2 Tahunan,M. ULTG,ULTG,JAN, 13,8:00:00,16:00:00,480,TERLAKSANA,,,,JAN, 13,8:39:00,JAN, 13,16:23:00,464,ADA,,14,3,,,,,,,,,,,,,,,,,,,,,,,,,,,,,,,,,,,,,,,,,,,,,,,,,,,,,,,,,,,,,,,,,,,,,,,,,,,,,,,,,,,,,,,,,,,,,,,,,,,,,,,,,,,,,,,,,,,,,,,,
,ULTG MAMPANG,GIS 150KV DANAYASA,TRF#3 150/22kV,,TRAFO 150/20kV,,Pemeliharaan Rutin 2 Tahunan,M. ULTG,ULTG,JAN, 25,8:00:00,16:00:00,480,TERLAKSANA,,,,JAN, 25,8:22:00,JAN, 25,15:54:00,452,ADA,,13,8,,,,,,,,,,,,,,,,,,,,,,,,,,,,,,,,,,,,,,,,,,,,,,,,,,,,,,,,,,,,,,,,,,,,,,,,,,,,,,,,,,,,,,,,,,,,,,,,,,,,,,,,,,,,,,,,,,,,,,,,
,ULTG MAMPANG,GIS 150KV CSW,BUSBAR #1 150kV,,BUSBAR 150kV,,Pemeliharaan Rutin 2 Tahunan,M. ULTG,ULTG,JAN, 29,8:00:00,16:00:00,480,TERLAKSANA,,,Hartin tanpa padam,JAN, 29,,JAN, 29,,,ADA,,,,,,,,,,,,,,,,,,,,,,,,,,,,,,,,,,,,,,,,,,,,,,,,,,,,,,,,,,,,,,,,,,,,,,,,,,,,,,,,,,,,,,,,,,,,,,,,,,,,,,,,,,,,,,,,,,,,,,,,,,,
,ULTG MAMPANG,GIS 150KV CSW,BUSBAR #2 150kV,,BUSBAR 150kV,,Pemeliharaan Rutin 2 Tahunan,M. ULTG,ULTG,JAN, 29,8:00:00,16:00:00,480,TERLAKSANA,,,Hartin tanpa padam,JAN, 29,,JAN, 29,,,ADA,,,,,,,,,,,,,,,,,,,,,,,,,,,,,,,,,,,,,,,,,,,,,,,,,,,,,,,,,,,,,,,,,,,,,,,,,,,,,,,,,,,,,,,,,,,,,,,,,,,,,,,,,,,,,,,,,,,,,,,,,,,
,ULTG MAMPANG,GIS 150KV ABADI GUNA PAPAN,PHT 150kV TAMAN RASUNA,,PENGHANTAR 150kV,,Pemeliharaan Rutin 2 Tahunan,M. ULTG,ULTG,JAN, 31,8:00:00,16:00:00,480,JADWAL ULANG,UNCONTROLLABLE,UnCon. Ijin Padam P2B/APD/KIT (Sistem),Kondisi sistem,,,,,,,,,,,,,,,,,,,,,,,,,,,,,,,,,,,,,,,,,,,,,,,,,,,,,,,,,,,,,,,,,,,,,,,,,,,,,,,,,,,,,,,,,,,,,,,,,,,,,,,,,,,,,,,,,,,,,,,,,,,,,,,,,,,
,ULTG MAMPANG,GIS 150KV TAMAN RASUNA,PHT 150kV ABADI GUNA PAPAN #1,,PENGHANTAR 150kV,,Pemeliharaan Rutin 2 Tahunan,M. ULTG,ULTG,JAN, 31,8:00:00,16:00:00,480,JADWAL ULANG,UNCONTROLLABLE,UnCon. Ijin Padam P2B/APD/KIT (Sistem),Kondisi sistem,,,,,,,,,,,,,,,,,,,,,,,,,,,,,,,,,,,,,,,,,,,,,,,,,,,,,,,,,,,,,,,,,,,,,,,,,,,,,,,,,,,,,,,,,,,,,,,,,,,,,,,,,,,,,,,,,,,,,,,,,,,,,,,,,,,
,ULTG KARET,GIS 150KV DUKUHATAS,KOPEL BUS 150kV,,KOPEL 150kV,,Pemeliharaan Rutin 2 Tahunan,M. ULTG,ULTG,JAN, 10,8:00:00,16:00:00,480,TERLAKSANA,,,,JAN, 10,8:22:00,JAN, 10,11:11:00,169,ADA,ok,,,,,,,,,,,,,,,,,,,,,,,,,,,,,,,,,,,,,,,,,,,,,,,,,,,,,,,,,,,,,,,,,,,,,,,,,,,,,,,,,,,,,,,,,,,,,,,,,,,,,,,,,,,,,,,,,,,,,,,,,,
,ULTG KARET,GIS 150KV DUKUHATAS,BUSBAR #1 150kV,,BUSBAR 150kV,,Pemeliharaan Rutin 2 Tahunan,M. ULTG,ULTG,JAN, 10,8:00:00,16:00:00,480,TERLAKSANA,,,,JAN, 10,8:22:00,JAN, 10,11:11:00,169,ADA,-,,,,,,,,,,,,,,,,,,,,,,,,,,,,,,,,,,,,,,,,,,,,,,,,,,,,,,,,,,,,,,,,,,,,,,,,,,,,,,,,,,,,,,,,,,,,,,,,,,,,,,,,,,,,,,,,,,,,,,,,,,
,ULTG KARET,GIS 150KV DUKUHATAS,TRF#2 150/22kV,,TRAFO 150/20kV,,Pemeliharaan Rutin 2 Tahunan,M. ULTG,ULTG,JAN, 22,8:00:00,16:00:00,480,TERLAKSANA,,,,JAN, 22,8:54,JAN, 22,16:54:00,480,ADA,ok,13,8,,,,,,,,,,,,,,,,,,,,,,,,,,,,,,,,,,,,,,,,,,,,,,,,,,,,,,,,,,,,,,,,,,,,,,,,,,,,,,,,,,,,,,,,,,,,,,,,,,,,,,,,,,,,,,,,,,,,,,,,
,ULTG KARET,GIS 150KV BUDIKEMULIAAN,TRF#2 150/22kV,,TRAFO 150/20kV,,Pemeliharaan Rutin 2 Tahunan,M. ULTG,ULTG,JAN, 25,8:00:00,16:00:00,480,TERLAKSANA,,,,JAN, 25,9:08:00,JAN, 25,15:35:00,387,ADA,ok,13,8,,,,,,,,,,,,,,,,,,,,,,,,,,,,,,,,,,,,,,,,,,,,,,,,,,,,,,,,,,,,,,,,,,,,,,,,,,,,,,,,,,,,,,,,,,,,,,,,,,,,,,,,,,,,,,,,,,,,,,,,
,ULTG CAWANG,GIS 150KV Cawang Baru,PHT 150kV CIPINANG #2,,PENGHANTAR 150kV,,Pemeliharaan Rutin 2 Tahunan,M. ULTG,ULTG,FEB,3,8:00:00,16:00:00,480,TERLAKSANA,,,,FEB, 4,8:15:00,FEB, 4,17:33:00,558,ADA,ok,13,5,,,,,,,,,,,,,,,,,,,,,,,,,,,,,,,,,,,,,,,,,,,,,,,,,,,,,,,,,,,,,,,,,,,,,,,,,,,,,,,,,,,,,,,,,,,,,,,,,,,,,,,,,,,,,,,,,,,,,,,,
,ULTG CAWANG,GIS 150KV Cipinang,PHT 150kV CAWANG BARU #2,,PENGHANTAR 150kV,,Pemeliharaan Rutin 2 Tahunan,M. ULTG,ULTG,FEB,3,8:00:00,16:00:00,480,TERLAKSANA,,,,FEB, 4,8:15:00,FEB, 4,17:33:00,558,ADA,ok,13,5,,,,,,,,,,,,,,,,,,,,,,,,,,,,,,,,,,,,,,,,,,,,,,,,,,,,,,,,,,,,,,,,,,,,,,,,,,,,,,,,,,,,,,,,,,,,,,,,,,,,,,,,,,,,,,,,,,,,,,,,
,ULTG CAWANG,GIS 150KV JATIWARINGIN,PHT 150kV NEW TAMBUN #2,,PENGHANTAR 150kV,,Pemeliharaan Rutin 2 Tahunan,M. ULTG,ULTG,FEB,5,8:00:00,16:00:00,480,TERLAKSANA,,,Bersamaan dengan R-Bekasi,FEB, 5,7:52:00,FEB, 5,16:42:00,530,ADA,ok,13,5,,,,,,,,,,,,,,,,,,,,,,,,,,,,,,,,,,,,,,,,,,,,,,,,,,,,,,,,,,,,,,,,,,,,,,,,,,,,,,,,,,,,,,,,,,,,,,,,,,,,,,,,,,,,,,,,,,,,,,,,
,ULTG CAWANG,GIS 150KV Cipinang,BUSBAR #1 150kV,,BUSBAR 150kV,,Pemeliharaan Rutin 2 Tahunan,M. ULTG,ULTG,FEB,10,8:00:00,16:00:00,480,TERLAKSANA,,,,FEB, 10,8:00:00,FEB, 10,13:19:00,319,ADA,-,,,,,,,,,,,,,,,,,,,,,,,,,,,,,,,,,,,,,,,,,,,,,,,,,,,,,,,,,,,,,,,,,,,,,,,,,,,,,,,,,,,,,,,,,,,,,,,,,,,,,,,,,,,,,,,,,,,,,,,,,,
,ULTG CAWANG,GIS 150KV Cipinang,BUSBAR #2 150kV,,BUSBAR 150kV,,Pemeliharaan Rutin 2 Tahunan,M. ULTG,ULTG,FEB,10,8:00:00,16:00:00,480,TERLAKSANA,,,,FEB, 10,13:19:00,FEB, 10,15:50:00,151,ADA,-,,,,,,,,,,,,,,,,,,,,,,,,,,,,,,,,,,,,,,,,,,,,,,,,,,,,,,,,,,,,,,,,,,,,,,,,,,,,,,,,,,,,,,,,,,,,,,,,,,,,,,,,,,,,,,,,,,,,,,,,,,
,ULTG CAWANG,GIS 150KV Cipinang,KOPEL BUS 150kV,,KOPEL 150kV,,Pemeliharaan Rutin 2 Tahunan,M. ULTG,ULTG,FEB,10,8:00:00,16:00:00,480,TERLAKSANA,,,,FEB, 10,8:00:00,FEB, 10,15:50:00,470,ADA,ok,,,,,,,,,,,,,,,,,,,,,,,,,,,,,,,,,,,,,,,,,,,,,,,,,,,,,,,,,,,,,,,,,,,,,,,,,,,,,,,,,,,,,,,,,,,,,,,,,,,,,,,,,,,,,,,,,,,,,,,,,,
,ULTG KARET,GI 150KV KARET LAMA,PHT 150kV MAMPANG DUA #2,,PENGHANTAR 150kV,,Pemeliharaan Rutin 2 Tahunan,M. ULTG,ULTG,FEB, 3,8:00:00,16:00:00,480,JADWAL ULANG,UNCONTROLLABLE,UnCon. Ijin Padam P2B/APD/KIT (Sistem),Kondisi sistem,,,,,,,,,,,,,,,,,,,,,,,,,,,,,,,,,,,,,,,,,,,,,,,,,,,,,,,,,,,,,,,,,,,,,,,,,,,,,,,,,,,,,,,,,,,,,,,,,,,,,,,,,,,,,,,,,,,,,,,,,,,,,,,,,,,
,ULTG KARET,GIS 150KV BUDIKEMULIAAN,BUSBAR #1 150kV,,BUSBAR 150kV,,Pemeliharaan Rutin 2 Tahunan,M. ULTG,ULTG,FEB, 5,8:00:00,16:00:00,480,TERLAKSANA,,,,FEB, 5,8:00:00,FEB, 5,16:00:00,480,ADA,,,,,,,,,,,,,,,,,,,,,,,,,,,,,,,,,,,,,,,,,,,,,,,,,,,,,,,,,,,,,,,,,,,,,,,,,,,,,,,,,,,,,,,,,,,,,,,,,,,,,,,,,,,,,,,,,,,,,,,,,,,
,ULTG KARET,GIS 150KV BUDIKEMULIAAN,BUSBAR #2 150kV,,BUSBAR 150kV,,Pemeliharaan Rutin 2 Tahunan,M. ULTG,ULTG,FEB, 5,8:00:00,16:00:00,480,TERLAKSANA,,,,FEB, 5,8:00:00,FEB, 5,16:00:00,480,ADA,-,,,,,,,,,,,,,,,,,,,,,,,,,,,,,,,,,,,,,,,,,,,,,,,,,,,,,,,,,,,,,,,,,,,,,,,,,,,,,,,,,,,,,,,,,,,,,,,,,,,,,,,,,,,,,,,,,,,,,,,,,,
,ULTG KARET,GIS 150KV MANGGARAI,KOPEL BUS 150kV,,KOPEL 150kV,,Pemeliharaan Rutin 2 Tahunan,M. ULTG,ULTG,FEB, 1,8:00:00,16:00:00,480,TERLAKSANA,,,,FEB, 1,8:19:00,FEB, 1,11:36:00,197,ADA,ok,,,,,,,,,,,,,,,,,,,,,,,,,,,,,,,,,,,,,,,,,,,,,,,,,,,,,,,,,,,,,,,,,,,,,,,,,,,,,,,,,,,,,,,,,,,,,,,,,,,,,,,,,,,,,,,,,,,,,,,,,,
,ULTG MAMPANG,GIS 150KV Abadi Guna Papan,TRF#3 150/22kV,,TRAFO 150/20kV,,Pemeliharaan Rutin 2 Tahunan,M. ULTG,ULTG,FEB, 7,8:00:00,16:00:00,480,TERLAKSANA,,,Bersamaan pekerjaan buspro,FEB, 8,8:46:00,FEB, 8,18:09:00,563,ADA,ok,13,8,,,,,,,,,,,,,,,,,,,,,,,,,,,,,,,,,,,,,,,,,,,,,,,,,,,,,,,,,,,,,,,,,,,,,,,,,,,,,,,,,,,,,,,,,,,,,,,,,,,,,,,,,,,,,,,,,,,,,,,,
,ULTG MAMPANG,GIS 150KV PLTD SENAYAN,TRF#2 150/22kV,,TRAFO 150/20kV,,Pemeliharaan Rutin 2 Tahunan,M. ULTG,ULTG,FEB, 10,8:00:00,16:00:00,480,TERLAKSANA,,,Bersaamaan dengan Har Diameter dan Trafo,FEB, 10,8:21:00,FEB, 10,17:17:00,536,ADA,ok,13,8,,,,,,,,,,,,,,,,,,,,,,,,,,,,,,,,,,,,,,,,,,,,,,,,,,,,,,,,,,,,,,,,,,,,,,,,,,,,,,,,,,,,,,,,,,,,,,,,,,,,,,,,,,,,,,,,,,,,,,,,
,ULTG MAMPANG,GIS 150KV PLTD SENAYAN,5B5 DIAMETER#5 150kV,,DIAMETER 150kV,,Pemeliharaan Rutin 2 Tahunan,M. ULTG,ULTG,FEB, 10,8:00:00,16:00:00,480,TERLAKSANA,,,Bersaamaan dengan Har Diameter dan Trafo,FEB, 10,8:21:00,FEB, 10,17:17:00,536,ADA,-,,,,,,,,,,,,,,,,,,,,,,,,,,,,,,,,,,,,,,,,,,,,,,,,,,,,,,,,,,,,,,,,,,,,,,,,,,,,,,,,,,,,,,,,,,,,,,,,,,,,,,,,,,,,,,,,,,,,,,,,,,
,ULTG MAMPANG,GIS 150KV Abadi Guna Papan,TRF#1 150/20kV,,TRAFO 150/20kV,,Pemeliharaan Rutin 2 Tahunan,M. ULTG,ULTG,FEB, 7,8:00:00,16:00:00,480,JADWAL ULANG,UNCONTROLLABLE,UnCon. Ijin Padam P2B/APD/KIT (Sistem),Kondisi sistem,,,,,,,,,,,,,,,,,,,,,,,,,,,,,,,,,,,,,,,,,,,,,,,,,,,,,,,,,,,,,,,,,,,,,,,,,,,,,,,,,,,,,,,,,,,,,,,,,,,,,,,,,,,,,,,,,,,,,,,,,,,,,,,,,,,
,ULTG KARET,GIS 150KV GAMBIRLAMA,PHT 150kV CEMPAKA PUTIH #1,,PENGHANTAR 150kV,,Pemeliharaan Rutin 2 Tahunan,M. ULTG,ULTG,FEB, 1,8:00:00,16:00:00,480,JADWAL ULANG,UNCONTROLLABLE,UnCon. Ijin Padam P2B/APD/KIT (Sistem),Kondisi sistem,,,,,,,,,,,,,,,,,,,,,,,,,,,,,,,,,,,,,,,,,,,,,,,,,,,,,,,,,,,,,,,,,,,,,,,,,,,,,,,,,,,,,,,,,,,,,,,,,,,,,,,,,,,,,,,,,,,,,,,,,,,,,,,,,,,
,ULTG KARET,GIS 150kV CEMPAKA PUTIH,PHT 150KV GAMBIR LAMA #1,,PENGHANTAR 150kV,,Pemeliharaan Rutin 2 Tahunan,M. ULTG,ULTG,FEB, 1,8:00:00,16:00:00,480,JADWAL ULANG,UNCONTROLLABLE,UnCon. Ijin Padam P2B/APD/KIT (Sistem),Kondisi sistem,,,,,,,,,,,,,,,,,,,,,,,,,,,,,,,,,,,,,,,,,,,,,,,,,,,,,,,,,,,,,,,,,,,,,,,,,,,,,,,,,,,,,,,,,,,,,,,,,,,,,,,,,,,,,,,,,,,,,,,,,,,,,,,,,,,
,ULTG CAWANG,GI 150KV JATIRANGON,BUSBAR #1 150kV,,BUSBAR 150kV,,Pemeliharaan Rutin 2 Tahunan,M. ULTG,ULTG,APR,12,8:00:00,16:00:00,480,JADWAL ULANG,,,,,,,,,,,,,,,,,,,,,,,,,,,,,,,,,,,,,,,,,,,,,,,,,,,,,,,,,,,,,,,,,,,,,,,,,,,,,,,,,,,,,,,,,,,,,,,,,,,,,,,,,,,,,,,,,,,,,,,,,,,,,,,,,,,,,,
,ULTG CAWANG,GI 150KV JATIRANGON,BUSBAR #2 150kV,,BUSBAR 150kV,,Pemeliharaan Rutin 2 Tahunan,M. ULTG,ULTG,APR,13,8:00:00,16:00:00,480,JADWAL ULANG,,,,,,,,,,,,,,,,,,,,,,,,,,,,,,,,,,,,,,,,,,,,,,,,,,,,,,,,,,,,,,,,,,,,,,,,,,,,,,,,,,,,,,,,,,,,,,,,,,,,,,,,,,,,,,,,,,,,,,,,,,,,,,,,,,,,,,
,ULTG CAWANG,GI 150KV JATIRANGON,KOPEL BUS 150kV,,KOPEL 150kV,,Pemeliharaan Rutin 2 Tahunan,M. ULTG,ULTG,APR,12,8:00:00,16:00:00,480,JADWAL ULANG,,,,,,,,,,,,,,,,,,,,,,,,,,,,,,,,,,,,,,,,,,,,,,,,,,,,,,,,,,,,,,,,,,,,,,,,,,,,,,,,,,,,,,,,,,,,,,,,,,,,,,,,,,,,,,,,,,,,,,,,,,,,,,,,,,,,,,
,ULTG CAWANG,GI 150KV CAWANG LAMA,KAPASITOR SC#1 150kV,,KAPASITOR 150kV,,Pemeliharaan Rutin 2 Tahunan,M. ULTG,ULTG,APR,8,8:00:00,16:00:00,480,TERLAKSANA,,,,APR, 7,7:30:00,APR, 7,14:44:00,434,ADA,ok,,,,,,,,,,,,,,,,,,,,,,,,,,,,,,,,,,,,,,,,,,,,,,,,,,,,,,,,,,,,,,,,,,,,,,,,,,,,,,,,,,,,,,,,,,,,,,,,,,,,,,,,,,,,,,,,,,,,,,,,,,
,ULTG CAWANG,GISTET 500KV CAWANG BARU,7A1 DIAMETER#1 500kV,,DIAMETER 500kV,,Pemeliharaan Rutin 2 Tahunan,M. ULTG,ULTG,APR,8,8:00:00,16:00:00,480,TERLAKSANA,,,Bersamaan pekerjaan buspro,APR, 11,8:19:00,APR, 11,23:57:00,938,ADA,ok,,,,,,,,,,,,,,,,,,,,,,,,,,,,,,,,,,,,,,,,,,,,,,,,,,,,,,,,,,,,,,,,,,,,,,,,,,,,,,,,,,,,,,,,,,,,,,,,,,,,,,,,,,,,,,,,,,,,,,,,,,
,ULTG CAWANG,GISTET 500KV CAWANG BARU,7A2 DIAMETER#2 500kV,,DIAMETER 500kV,,Pemeliharaan Rutin 2 Tahunan,M. ULTG,ULTG,APR,8,8:00:00,16:00:00,480,TERLAKSANA,,,Bersamaan pekerjaan buspro,APR, 19,8:16:00,APR, 19,22:29:00,853,ADA,ok,,,,,,,,,,,,,,,,,,,,,,,,,,,,,,,,,,,,,,,,,,,,,,,,,,,,,,,,,,,,,,,,,,,,,,,,,,,,,,,,,,,,,,,,,,,,,,,,,,,,,,,,,,,,,,,,,,,,,,,,,,
,ULTG CAWANG,GISTET 500KV CAWANG BARU,7A3 DIAMETER#3 500kV,,DIAMETER 500kV,,Pemeliharaan Rutin 2 Tahunan,M. ULTG,ULTG,APR,8,8:00:00,16:00:00,480,TERLAKSANA,,,Bersamaan pekerjaan buspro,APR, 18,8:18:00,APR, 18,22:27:00,849,ADA,ok,,,,,,,,,,,,,,,,,,,,,,,,,,,,,,,,,,,,,,,,,,,,,,,,,,,,,,,,,,,,,,,,,,,,,,,,,,,,,,,,,,,,,,,,,,,,,,,,,,,,,,,,,,,,,,,,,,,,,,,,,,
,ULTG CAWANG,GI 150KV CAWANG LAMA,PHT 150kV CAWANG BARU #2,,PENGHANTAR 150kV,,Pemeliharaan Rutin 2 Tahunan,M. ULTG,ULTG,APR,8,8:00:00,16:00:00,480,TERLAKSANA,,,,APR, 15,8:50:00,APR, 15,17:04:00,494,ADA,ok,13,5,,,,,,,,,,,,,,,,,,,,,,,,,,,,,,,,,,,,,,,,,,,,,,,,,,,,,,,,,,,,,,,,,,,,,,,,,,,,,,,,,,,,,,,,,,,,,,,,,,,,,,,,,,,,,,,,,,,,,,,,
,ULTG CAWANG,GIS 150KV CAWANG BARU,PHT 150kV CAWANG LAMA #2,,PENGHANTAR 150kV,,Pemeliharaan Rutin 2 Tahunan,M. ULTG,ULTG,APR,8,8:00:00,16:00:00,480,TERLAKSANA,,,,APR, 15,8:50:00,APR, 15,17:04:00,494,ADA,ok,13,5,,,,,,,,,,,,,,,,,,,,,,,,,,,,,,,,,,,,,,,,,,,,,,,,,,,,,,,,,,,,,,,,,,,,,,,,,,,,,,,,,,,,,,,,,,,,,,,,,,,,,,,,,,,,,,,,,,,,,,,,
,ULTG CAWANG,GI 150KV CAWANG LAMA,PHT 150kV CAWANG BARU #1,,PENGHANTAR 150kV,,Pemeliharaan Rutin 2 Tahunan,M. ULTG,ULTG,APR,8,8:00:00,16:00:00,480,JADWAL ULANG,,,,,,,,,,,,,,,,,,,,,,,,,,,,,,,,,,,,,,,,,,,,,,,,,,,,,,,,,,,,,,,,,,,,,,,,,,,,,,,,,,,,,,,,,,,,,,,,,,,,,,,,,,,,,,,,,,,,,,,,,,,,,,,,,,,,,,
,ULTG CAWANG,GIS 150KV CAWANG BARU,PHT 150kV CAWANG LAMA #1,,PENGHANTAR 150kV,,Pemeliharaan Rutin 2 Tahunan,M. ULTG,ULTG,APR,8,8:00:00,16:00:00,480,JADWAL ULANG,,,,,,,,,,,,,,,,,,,,,,,,,,,,,,,,,,,,,,,,,,,,,,,,,,,,,,,,,,,,,,,,,,,,,,,,,,,,,,,,,,,,,,,,,,,,,,,,,,,,,,,,,,,,,,,,,,,,,,,,,,,,,,,,,,,,,,
,ULTG CAWANG,GIS 150KV JATIWARINGIN,PHT 150kV NEW TAMBUN #1,,PENGHANTAR 150kV,,Pemeliharaan Rutin 2 Tahunan,M. ULTG,ULTG,APR,8,8:00:00,16:00:00,480,TERLAKSANA,,,Bersamaan dengan pekerjaan R-Bekasi,APR, 29,8:26:00,APR, 29,17:18:00,532,ADA,ok,13,5,,,,,,,,,,,,,,,,,,,,,,,,,,,,,,,,,,,,,,,,,,,,,,,,,,,,,,,,,,,,,,,,,,,,,,,,,,,,,,,,,,,,,,,,,,,,,,,,,,,,,,,,,,,,,,,,,,,,,,,,
,ULTG KARET,GIS 150KV GAMBIRLAMA,TRF#3 150/22kV,,TRAFO 150/20kV,,Pemeliharaan Rutin 2 Tahunan,M. ULTG,ULTG,APR,11,8:00:00,16:00:00,480,JADWAL ULANG,,,"akan dilaksanakan bersamaan dengan pekerjaan kontrak penggantian OTI, masih menunggu kesiapan material",,,,,,,,,,,,,,,,,,,,,,,,,,,,,,,,,,,,,,,,,,,,,,,,,,,,,,,,,,,,,,,,,,,,,,,,,,,,,,,,,,,,,,,,,,,,,,,,,,,,,,,,,,,,,,,,,,,,,,,,,,,,,,,,,,,
,ULTG KARET,GIS 150KV GAMBIRLAMA,TRF#1 150/22kV,,TRAFO 150/20kV,,Pemeliharaan Rutin 2 Tahunan,M. ULTG,ULTG,APR,11,8:00:00,16:00:00,480,TERLAKSANA,,,Bersamaan penggantian OTI,APR, 25,8:10:00,APR, 25,18:18:00,608,ADA,ok,13,8,,,,,,,,,,,,,,,,,,,,,,,,,,,,,,,,,,,,,,,,,,,,,,,,,,,,,,,,,,,,,,,,,,,,,,,,,,,,,,,,,,,,,,,,,,,,,,,,,,,,,,,,,,,,,,,,,,,,,,,,
,ULTG KARET,GI 150KV KARET LAMA,PHT 150kV KARET BARU#1,,PENGHANTAR 150kV,,Pemeliharaan Rutin 2 Tahunan,M. ULTG,ULTG,APR,18,8:00:00,16:00:00,480,JADWAL ULANG,,,,,,,,,,,,,,,,,,,,,,,,,,,,,,,,,,,,,,,,,,,,,,,,,,,,,,,,,,,,,,,,,,,,,,,,,,,,,,,,,,,,,,,,,,,,,,,,,,,,,,,,,,,,,,,,,,,,,,,,,,,,,,,,,,,,,,
,ULTG KARET,GI 150KV KARET LAMA,TRF#1 150/22kV,,TRAFO 150/20kV,,Pemeliharaan Rutin 2 Tahunan,M. ULTG,ULTG,APR,11,8:00:00,16:00:00,480,JADWAL ULANG,,,Personil fokus pekerjaan recovery gangguan,,,,,,,,,,,,,,,,,,,,,,,,,,,,,,,,,,,,,,,,,,,,,,,,,,,,,,,,,,,,,,,,,,,,,,,,,,,,,,,,,,,,,,,,,,,,,,,,,,,,,,,,,,,,,,,,,,,,,,,,,,,,,,,,,,,
,ULTG KARET,GI 150KV KARET LAMA,PHT 150kV PLTD SENAYAN,,PENGHANTAR 150kV,,Pemeliharaan Rutin 2 Tahunan,M. ULTG,ULTG,APR,1,8:00:00,16:00:00,480,TERLAKSANA,,,Bersamaan penggantian sealing end,APR, 5,8:00:00,,,,#NUM!,ADA,ok,14,4,,,,,,,,,,,,,,,,,,,,,,,,,,,,,,,,,,,,,,,,,,,,,,,,,,,,,,,,,,,,,,,,,,,,,,,,,,,,,,,,,,,,,,,,,,,,,,,,,,,,,,,,,,,,,,,,,,,,,,,,
,ULTG KARET,GIS 150KV GEDUNGPOLA,PHT 150kV GAMBIR BARU#2,,PENGHANTAR 150kV,,Pemeliharaan Rutin 2 Tahunan,M. ULTG,ULTG,APR,21,8:00:00,16:00:00,480,TERLAKSANA,,,Bersamaan Har Off SKTT,APR, 4,7:49:00,APR, 4,16:30:00,521,ADA,ok,14,4,,,,,,,,,,,,,,,,,,,,,,,,,,,,,,,,,,,,,,,,,,,,,,,,,,,,,,,,,,,,,,,,,,,,,,,,,,,,,,,,,,,,,,,,,,,,,,,,,,,,,,,,,,,,,,,,,,,,,,,,
,ULTG KARET,GIS 150kV CEMPAKA PUTIH,PHT 150KV GAMBIR LAMA #1,,PENGHANTAR 150kV,,Pemeliharaan Rutin 2 Tahunan,M. ULTG,ULTG,APR,18,8:00:00,16:00:00,480,TERLAKSANA,,,Bersamaan Har Off SKTT,APR, 18,8:14:00,APR, 18,17:01:00,527,ADA,ok,14,4,,,,,,,,,,,,,,,,,,,,,,,,,,,,,,,,,,,,,,,,,,,,,,,,,,,,,,,,,,,,,,,,,,,,,,,,,,,,,,,,,,,,,,,,,,,,,,,,,,,,,,,,,,,,,,,,,,,,,,,,
,ULTG KARET,GIS 150KV GAMBIRLAMA,PHT 150kV CEMPAKA PUTIH #1,,PENGHANTAR 150kV,,Pemeliharaan Rutin 2 Tahunan,M. ULTG,ULTG,APR,18,8:00:00,16:00:00,480,TERLAKSANA,,,Bersamaan Har Off SKTT,APR, 18,8:14:00,APR, 18,17:01:00,527,ADA,ok,14,4,,,,,,,,,,,,,,,,,,,,,,,,,,,,,,,,,,,,,,,,,,,,,,,,,,,,,,,,,,,,,,,,,,,,,,,,,,,,,,,,,,,,,,,,,,,,,,,,,,,,,,,,,,,,,,,,,,,,,,,,
,ULTG KARET,GIS 150KV KARET BARU,PHT 150kV KARET LAMA#1,,PENGHANTAR 150kV,,Pemeliharaan Rutin 2 Tahunan,M. ULTG,ULTG,APR,18,8:00:00,16:00:00,480,JADWAL ULANG,,,,,,,,,,,,,,,,,,,,,,,,,,,,,,,,,,,,,,,,,,,,,,,,,,,,,,,,,,,,,,,,,,,,,,,,,,,,,,,,,,,,,,,,,,,,,,,,,,,,,,,,,,,,,,,,,,,,,,,,,,,,,,,,,,,,,,
,ULTG KARET,GIS 150KV MANGGARAI,PHT 150kV PULOMAS #2,,PENGHANTAR 150kV,,Pemeliharaan Rutin 2 Tahunan,M. ULTG,ULTG,APR,25,8:00:00,16:00:00,480,JADWAL ULANG,,,,,,,,,,,,,,,,,,,,,,,,,,,,,,,,,,,,,,,,,,,,,,,,,,,,,,,,,,,,,,,,,,,,,,,,,,,,,,,,,,,,,,,,,,,,,,,,,,,,,,,,,,,,,,,,,,,,,,,,,,,,,,,,,,,,,,
,ULTG MAMPANG,GIS 150KV TAMAN RASUNA,TRF#2 150/22kV,,TRAFO 150/20kV,,Pemeliharaan Rutin 2 Tahunan,M. ULTG,ULTG,APR,18,8:00:00,16:00:00,480,JADWAL ULANG,,,,,,,,,,,,,,,,,,,,,,,,,,,,,,,,,,,,,,,,,,,,,,,,,,,,,,,,,,,,,,,,,,,,,,,,,,,,,,,,,,,,,,,,,,,,,,,,,,,,,,,,,,,,,,,,,,,,,,,,,,,,,,,,,,,,,,
,ULTG MAMPANG,GIS 150KV ABADI GUNA PAPAN,TRF#2 150/22kV,,TRAFO 150/20kV,,Pemeliharaan Rutin 2 Tahunan,M. ULTG,ULTG,APR,11,8:00:00,16:00:00,480,TERLAKSANA,,,Bersamaan pekerjaan buspro,APR, 12,8:44:00,APR, 12,22:57:00,853,ADA,ok,13,8,,,,,,,,,,,,,,,,,,,,,,,,,,,,,,,,,,,,,,,,,,,,,,,,,,,,,,,,,,,,,,,,,,,,,,,,,,,,,,,,,,,,,,,,,,,,,,,,,,,,,,,,,,,,,,,,,,,,,,,,
,ULTG MAMPANG,GIS 150KV DURENTIGA,PHT 150kV MAMPANG DUA #1,,PENGHANTAR 150kV,,Pemeliharaan Rutin 2 Tahunan,M. ULTG,ULTG,APR,4,8:00:00,16:00:00,480,TERLAKSANA,,,Bersama penggantian sealin end,APR, 20,8:00:00,APR, 20,16:00:00,480,ADA,ok,14,3,,,,,,,,,,,,,,,,,,,,,,,,,,,,,,,,,,,,,,,,,,,,,,,,,,,,,,,,,,,,,,,,,,,,,,,,,,,,,,,,,,,,,,,,,,,,,,,,,,,,,,,,,,,,,,,,,,,,,,,,
,ULTG MAMPANG,GIS 150KV MAMPANG LAMA,PHT 150kV DUREN TIGA #1,,PENGHANTAR 150kV,,Pemeliharaan Rutin 2 Tahunan,M. ULTG,ULTG,APR,4,8:00:00,16:00:00,480,TERLAKSANA,,,Bersama penggantian sealin end,APR, 20,8:00:00,APR, 20,16:00:00,480,ADA,ok,14,3,,,,,,,,,,,,,,,,,,,,,,,,,,,,,,,,,,,,,,,,,,,,,,,,,,,,,,,,,,,,,,,,,,,,,,,,,,,,,,,,,,,,,,,,,,,,,,,,,,,,,,,,,,,,,,,,,,,,,,,,
,ULTG MAMPANG,GIS 150KV ABADI GUNA PAPAN,TRF#1 150/20kV,,TRAFO 150/20kV,,Pemeliharaan Rutin 2 Tahunan,M. ULTG,ULTG,APR, 5,8:00:00,16:00:00,480,TERLAKSANA,,,Bersamaan pekerjaan buspro,APR, 3,8:04:00,APR, 3,16:00:00,476,ADA,ok,13,8,,,,,,,,,,,,,,,,,,,,,,,,,,,,,,,,,,,,,,,,,,,,,,,,,,,,,,,,,,,,,,,,,,,,,,,,,,,,,,,,,,,,,,,,,,,,,,,,,,,,,,,,,,,,,,,,,,,,,,,,
,ULTG MAMPANG,GIS 150KV PLTD SENAYAN,5AB1 DIAMETER#1 150kV,,DIAMETER 150kV,,Pemeliharaan Rutin 2 Tahunan,M. ULTG,ULTG,APR, 5,8:00:00,16:00:00,480,TERLAKSANA,,,Bersamaan penggantian sealing end,APR, 5,8:00:00,APR, 5,16:00:00,480,ADA,ok,13,8,,,,,,,,,,,,,,,,,,,,,,,,,,,,,,,,,,,,,,,,,,,,,,,,,,,,,,,,,,,,,,,,,,,,,,,,,,,,,,,,,,,,,,,,,,,,,,,,,,,,,,,,,,,,,,,,,,,,,,,,
,ULTG MAMPANG,GIS 150KV PLTD SENAYAN,5A1 DIAMETER#1 150kV,,DIAMETER 150kV,,Pemeliharaan Rutin 2 Tahunan,M. ULTG,ULTG,APR, 5,8:00:00,16:00:00,480,TERLAKSANA,,,Bersamaan penggantian sealing end,APR, 5,8:00:00,APR, 5,16:00:00,480,ADA,ok,13,8,,,,,,,,,,,,,,,,,,,,,,,,,,,,,,,,,,,,,,,,,,,,,,,,,,,,,,,,,,,,,,,,,,,,,,,,,,,,,,,,,,,,,,,,,,,,,,,,,,,,,,,,,,,,,,,,,,,,,,,,
,ULTG MAMPANG,GIS 150KV PLTD SENAYAN,PHT 150kV KARET LAMA#2,,PENGHANTAR 150kV,,Pemeliharaan Rutin 2 Tahunan,M. ULTG,ULTG,APR, 5,8:00:00,16:00:00,480,TERLAKSANA,,,Bersamaan penggantian sealing end,APR, 5,8:00:00,APR, 5,16:00:00,480,ADA,ok,14,3,,,,,,,,,,,,,,,,,,,,,,,,,,,,,,,,,,,,,,,,,,,,,,,,,,,,,,,,,,,,,,,,,,,,,,,,,,,,,,,,,,,,,,,,,,,,,,,,,,,,,,,,,,,,,,,,,,,,,,,,
,ULTG CAWANG,GIS 150KV Jatiwaringin,TRF#1 150/20kV,,TRAFO 150/20kV,,Pemeliharaan Rutin 2 Tahunan,M. ULTG,ULTG,MAY, 26,8:00:00,16:00:00,480,TERLAKSANA,,,Bersamaan dengan pekerjaan stability ulang terkait temuan anomali pada terminal yang terbalik,MAY, 12,10:03:00,MAY, 12,23:59:00,836,ADA,ok,13,8,,,,,,,,,,,,,,,,,,,,,,,,,,,,,,,,,,,,,,,,,,,,,,,,,,,,,,,,,,,,,,,,,,,,,,,,,,,,,,,,,,,,,,,,,,,,,,,,,,,,,,,,,,,,,,,,,,,,,,,,
,ULTG CAWANG,GIS 150KV Jatiwaringin,TRF#2 150/22kV,,TRAFO 150/20kV,,Pemeliharaan Rutin 2 Tahunan,M. ULTG,ULTG,MAY,,8:00:00,16:00:00,480,TERLAKSANA,,,Dilakukan tability ulang terkait kondisi di trafo 1 GIS Jaitiwaringin ,MAY, 25,8:41:00,MAY, 25,23:13:00,872,ADA,ok,13,8,,,,,,,,,,,,,,,,,,,,,,,,,,,,,,,,,,,,,,,,,,,,,,,,,,,,,,,,,,,,,,,,,,,,,,,,,,,,,,,,,,,,,,,,,,,,,,,,,,,,,,,,,,,,,,,,,,,,,,,,
,ULTG CAWANG,GI 150KV CAWANG LAMA,PHT 150kV DEPOK #1,,PENGHANTAR 150kV,,Pemeliharaan Rutin 2 Tahunan,M. ULTG,ULTG,MAY, 18,8:00:00,16:00:00,480,JADWAL ULANG,,,Agar dilaksanakan bersamaan dengan rencana penggantian DS pada ROB Juli,,,,,,,,,,,,,,,,,,,,,,,,,,,,,,,,,,,,,,,,,,,,,,,,,,,,,,,,,,,,,,,,,,,,,,,,,,,,,,,,,,,,,,,,,,,,,,,,,,,,,,,,,,,,,,,,,,,,,,,,,,,,,,,,,,,
,ULTG CAWANG,GIS 150KV Cawang Baru,PHT 150kV CIPINANG #1,,PENGHANTAR 150kV,,Pemeliharaan Rutin 2 Tahunan,M. ULTG,ULTG,MAY, 20,8:00:00,16:00:00,480,TERLAKSANA,,,Bersamaan dengan cleaning isolator,MAY, 20,7:58:00,MAY, 20,16:58:00,540,ADA,ok,13,4,,,,,,,,,,,,,,,,,,,,,,,,,,,,,,,,,,,,,,,,,,,,,,,,,,,,,,,,,,,,,,,,,,,,,,,,,,,,,,,,,,,,,,,,,,,,,,,,,,,,,,,,,,,,,,,,,,,,,,,,
,ULTG CAWANG,GIS 150KV Cawang Baru,PHT 150kV ABADI GUNA PAPAN #1,,PENGHANTAR 150kV,,Pemeliharaan Rutin 2 Tahunan,M. ULTG,ULTG,MAY, 17,8:00:00,16:00:00,480,TERLAKSANA,,,Bersamaan dengan FYI,MAY, 17,8:40:00,MAY, 17,23:22:00,882,ADA,ok,14,4,,,,,,,,,,,,,,,,,,,,,,,,,,,,,,,,,,,,,,,,,,,,,,,,,,,,,,,,,,,,,,,,,,,,,,,,,,,,,,,,,,,,,,,,,,,,,,,,,,,,,,,,,,,,,,,,,,,,,,,,
,ULTG CAWANG,GIS 150KV Cipinang,PHT 150kV CAWANG BARU #1,,PENGHANTAR 150kV,,Pemeliharaan Rutin 2 Tahunan,M. ULTG,ULTG,MAY, 20,8:00:00,16:00:00,480,TERLAKSANA,,,Bersamaan dengan cleaning isolator,MAY, 20,7:58:00,MAY, 20,16:58:00,540,ADA,ok,13,3,,,,,,,,,,,,,,,,,,,,,,,,,,,,,,,,,,,,,,,,,,,,,,,,,,,,,,,,,,,,,,,,,,,,,,,,,,,,,,,,,,,,,,,,,,,,,,,,,,,,,,,,,,,,,,,,,,,,,,,,
,ULTG CAWANG,GI 150KV JATIRANGON,KAPASITOR SC#1 150kV,,KAPASITOR 150kV,,Pemeliharaan Rutin 2 Tahunan,M. ULTG,ULTG,MAY, 7,8:00:00,16:00:00,480,TERLAKSANA,,,,MAY, 7,8:36:00,MAY, 7,16:05:00,449,ADA,ok,10,4,,,,,,,,,,,,,,,,,,,,,,,,,,,,,,,,,,,,,,,,,,,,,,,,,,,,,,,,,,,,,,,,,,,,,,,,,,,,,,,,,,,,,,,,,,,,,,,,,,,,,,,,,,,,,,,,,,,,,,,,
,ULTG CAWANG,GIS 150KV SETIABUDI,TRF#1 150/22kV,,TRAFO 150/20kV,,Pemeliharaan Rutin 2 Tahunan,M. ULTG,ULTG,MAY, 23,8:00:00,16:00:00,480,TERLAKSANA,,,Bersamaan dengan FYI,MAY, 23,8:24:00,MAY, 23,19:00:00,636,ADA,ok,13,8,,,,,,,,,,,,,,,,,,,,,,,,,,,,,,,,,,,,,,,,,,,,,,,,,,,,,,,,,,,,,,,,,,,,,,,,,,,,,,,,,,,,,,,,,,,,,,,,,,,,,,,,,,,,,,,,,,,,,,,,
,ULTG CAWANG,GIS 150KV PONDOK KELAPA,BUSBAR #1 150kV,,BUSBAR 150kV,,Pemeliharaan Rutin 2 Tahunan,M. ULTG,ULTG,MAY, 9,8:00:00,16:00:00,480,TERLAKSANA,,,,MAY, 9,7:05:00,MAY, 9,10:38:00,213,ADA,ok,14,4,,,,,,,,,,,,,,,,,,,,,,,,,,,,,,,,,,,,,,,,,,,,,,,,,,,,,,,,,,,,,,,,,,,,,,,,,,,,,,,,,,,,,,,,,,,,,,,,,,,,,,,,,,,,,,,,,,,,,,,,
,ULTG CAWANG,GIS 150KV PONDOK KELAPA,BUSBAR #2 150kV,,BUSBAR 150kV,,Pemeliharaan Rutin 2 Tahunan,M. ULTG,ULTG,MAY, 9,8:00:00,16:00:00,480,TERLAKSANA,,,,MAY, 9,10:40:00,MAY, 9,11:41:00,61,ADA,ok,14,4,,,,,,,,,,,,,,,,,,,,,,,,,,,,,,,,,,,,,,,,,,,,,,,,,,,,,,,,,,,,,,,,,,,,,,,,,,,,,,,,,,,,,,,,,,,,,,,,,,,,,,,,,,,,,,,,,,,,,,,,
,ULTG CAWANG,GIS 150KV PONDOK KELAPA,KOPEL BUS 150kV,,KOPEL 150kV,,Pemeliharaan Rutin 2 Tahunan,M. ULTG,ULTG,MAY, 9,8:00:00,16:00:00,480,TERLAKSANA,,,,MAY, 9,7:05:00,MAY, 9,11:41:00,276,ADA,ok,14,4,,,,,,,,,,,,,,,,,,,,,,,,,,,,,,,,,,,,,,,,,,,,,,,,,,,,,,,,,,,,,,,,,,,,,,,,,,,,,,,,,,,,,,,,,,,,,,,,,,,,,,,,,,,,,,,,,,,,,,,,
,ULTG KARET,GI 150KV KARET LAMA,PHT 150kV MAMPANG DUA #2,,PENGHANTAR 150kV,,Pemeliharaan Rutin 2 Tahunan,M. ULTG,ULTG,MAY, 23,8:00:00,16:00:00,480,TERLAKSANA,,,Bersamaan dengan Har Off SKTT,MAY, 23,8:26:00,MAY, 23,19:48:00,682,ADA,ok,14,4,,,,,,,,,,,,,,,,,,,,,,,,,,,,,,,,,,,,,,,,,,,,,,,,,,,,,,,,,,,,,,,,,,,,,,,,,,,,,,,,,,,,,,,,,,,,,,,,,,,,,,,,,,,,,,,,,,,,,,,,
,ULTG KARET,GIS 150KV KEBON SIRIH,PHT 150kV GAMBIR LAMA,,PENGHANTAR 150kV,,Pemeliharaan Rutin 2 Tahunan,M. ULTG,ULTG,MAY, 30,8:00:00,16:00:00,480,TERLAKSANA,,,Bersamaan dengan Har Off SKTT,MAY, 18,8:22:00,MAY, 18,19:38:00,676,ADA,ok,14,4,,,,,,,,,,,,,,,,,,,,,,,,,,,,,,,,,,,,,,,,,,,,,,,,,,,,,,,,,,,,,,,,,,,,,,,,,,,,,,,,,,,,,,,,,,,,,,,,,,,,,,,,,,,,,,,,,,,,,,,,
,ULTG KARET,GIS 150KV GAMBIRLAMA,PHT 150kV KEBONSIRIH#2,,PENGHANTAR 150kV,,Pemeliharaan Rutin 2 Tahunan,M. ULTG,ULTG,MAY, 30,8:00:00,16:00:00,480,TERLAKSANA,,,Bersamaan dengan Har Off SKTT,MAY, 18,8:22:00,MAY, 18,19:38:00,676,ADA,ok,14,4,,,,,,,,,,,,,,,,,,,,,,,,,,,,,,,,,,,,,,,,,,,,,,,,,,,,,,,,,,,,,,,,,,,,,,,,,,,,,,,,,,,,,,,,,,,,,,,,,,,,,,,,,,,,,,,,,,,,,,,,
,ULTG KARET,GIS 150KV GAMBIRLAMA,TRF#2 150/22kV,,TRAFO 150/20kV,,Pemeliharaan Rutin 2 Tahunan,M. ULTG,ULTG,MAY, 30,8:00:00,16:00:00,480,TERLAKSANA,,,Bersamaan dengan Distribusi dan penggantian OTI,MAY, 9,9:37:00,MAY, 9,19:37:00,600,ADA,ok,14,4,,,,,,,,,,,,,,,,,,,,,,,,,,,,,,,,,,,,,,,,,,,,,,,,,,,,,,,,,,,,,,,,,,,,,,,,,,,,,,,,,,,,,,,,,,,,,,,,,,,,,,,,,,,,,,,,,,,,,,,,
,ULTG KARET,GIS 150KV Karet Baru,BUSBAR #1 150kV,,BUSBAR 150kV,,Pemeliharaan Rutin 2 Tahunan,M. ULTG,ULTG,MAY, 6,8:00:00,16:00:00,480,TERLAKSANA,,,Tanpa Padam,MAY, 12,,MAY, 12,,0,ADA,-,14,4,,,,,,,,,,,,,,,,,,,,,,,,,,,,,,,,,,,,,,,,,,,,,,,,,,,,,,,,,,,,,,,,,,,,,,,,,,,,,,,,,,,,,,,,,,,,,,,,,,,,,,,,,,,,,,,,,,,,,,,,
,ULTG KARET,GIS 150KV Karet Baru,BUSBAR #2 150kV,,BUSBAR 150kV,,Pemeliharaan Rutin 2 Tahunan,M. ULTG,ULTG,MAY, 6,8:00:00,16:00:00,480,TERLAKSANA,,,Tanpa Padam,MAY, 12,,MAY, 12,,0,ADA,-,14,4,,,,,,,,,,,,,,,,,,,,,,,,,,,,,,,,,,,,,,,,,,,,,,,,,,,,,,,,,,,,,,,,,,,,,,,,,,,,,,,,,,,,,,,,,,,,,,,,,,,,,,,,,,,,,,,,,,,,,,,,
,ULTG KARET,GIS 150KV Karet Baru,KOPEL BUS 150kV,,KOPEL 150kV,,Pemeliharaan Rutin 2 Tahunan,M. ULTG,ULTG,MAY, 6,8:00:00,16:00:00,480,TERLAKSANA,,,,MAY, 12,8:37:00,MAY, 12,12:32:00,235,ADA,ok,14,4,,,,,,,,,,,,,,,,,,,,,,,,,,,,,,,,,,,,,,,,,,,,,,,,,,,,,,,,,,,,,,,,,,,,,,,,,,,,,,,,,,,,,,,,,,,,,,,,,,,,,,,,,,,,,,,,,,,,,,,,
,ULTG MAMPANG,GIS 150KV TAMAN RASUNA,TRF#1 150/22kV,,TRAFO 150/20kV,,Pemeliharaan Rutin 2 Tahunan,M. ULTG,ULTG,MAY, 9,8:00:00,16:00:00,480,TERLAKSANA,,,Bersamaan Har Distribusi,MAY, 19,11:14:00,MAY, 19,23:22:00,728,ADA,ok,13,8,,,,,,,,,,,,,,,,,,,,,,,,,,,,,,,,,,,,,,,,,,,,,,,,,,,,,,,,,,,,,,,,,,,,,,,,,,,,,,,,,,,,,,,,,,,,,,,,,,,,,,,,,,,,,,,,,,,,,,,,
,ULTG MAMPANG,GIS 150KV CSW,PHT 150kV TAMAN SAMBAS,,PENGHANTAR 150kV,,Pemeliharaan Rutin 2 Tahunan,M. ULTG,ULTG,MAY, 23,8:00:00,16:00:00,480,JADWAL ULANG,,,Menunggu pekerjaan bersamaan dengan MRT,,,,,,,,,,,,,,,,,,,,,,,,,,,,,,,,,,,,,,,,,,,,,,,,,,,,,,,,,,,,,,,,,,,,,,,,,,,,,,,,,,,,,,,,,,,,,,,,,,,,,,,,,,,,,,,,,,,,,,,,,,,,,,,,,,,
,ULTG MAMPANG,GIS 150KV ABADI GUNA PAPAN,PHT 150kV CAWANG BARU,,PENGHANTAR 150kV,,Pemeliharaan Rutin 2 Tahunan,M. ULTG,ULTG,MAY, 17,8:00:00,16:00:00,480,TERLAKSANA,,,,MAY, 17,8:40:00,MAY, 17,23:22:00,882,ADA,ok,13,7,,,,,,,,,,,,,,,,,,,,,,,,,,,,,,,,,,,,,,,,,,,,,,,,,,,,,,,,,,,,,,,,,,,,,,,,,,,,,,,,,,,,,,,,,,,,,,,,,,,,,,,,,,,,,,,,,,,,,,,,
,ULTG MAMPANG,GIS 150KV ABADI GUNA PAPAN,PHT 150kV TAMAN RASUNA,,PENGHANTAR 150kV,,Pemeliharaan Rutin 2 Tahunan,M. ULTG,ULTG,MAY, 10,8:00:00,16:00:00,480,TERLAKSANA,,,Bersamaan dengan Har Off SKTT,MAY, 10,8:22:00,MAY, 10,17:32:00,550,ADA,ok,13,8,,,,,,,,,,,,,,,,,,,,,,,,,,,,,,,,,,,,,,,,,,,,,,,,,,,,,,,,,,,,,,,,,,,,,,,,,,,,,,,,,,,,,,,,,,,,,,,,,,,,,,,,,,,,,,,,,,,,,,,,
,ULTG MAMPANG,GIS 150KV TAMAN RASUNA,PHT 150kV ABADI GUNA PAPAN #1,,PENGHANTAR 150kV,,Pemeliharaan Rutin 2 Tahunan,M. ULTG,ULTG,MAY, 10,8:00:00,16:00:00,480,TERLAKSANA,,,Bersamaan dengan Har Off SKTT,MAY, 10,8:22:00,MAY, 10,17:32:00,550,ADA,ok,13,8,,,,,,,,,,,,,,,,,,,,,,,,,,,,,,,,,,,,,,,,,,,,,,,,,,,,,,,,,,,,,,,,,,,,,,,,,,,,,,,,,,,,,,,,,,,,,,,,,,,,,,,,,,,,,,,,,,,,,,,,
,ULTG CAWANG,GI 150KV JATIRANGON,TRF#5 150/20kV,,TRAFO 150/20kV,,Pemeliharaan Rutin 2 Tahunan,M. ULTG,ULTG,JUN,20,8:00:00,16:00:00,480,TERLAKSANA,,,,JUN, 20,9:19:00,JUN, 20,19:14:00,595,ADA,ok,,,,,,,,,,,,,,,,,,,,,,,,,,,,,,,,,,,,,,,,,,,,,,,,,,,,,,,,,,,,,,,,,,,,,,,,,,,,,,,,,,,,,,,,,,,,,,,,,,,,,,,,,,,,,,,,,,,,,,,,,,
,ULTG KARET,GIS 150KV KARET BARU,TRF#2 150/22kV,,TRAFO 150/20kV,,Pemeliharaan Rutin 2 Tahunan,M. ULTG,ULTG,JUN,23,8:00:00,16:00:00,480,TERLAKSANA,,,,JUN, 23,8:21:00,JUN, 23,16:26:00,485,ADA,ok,,,,,,,,,,,,,,,,,,,,,,,,,,,,,,,,,,,,,,,,,,,,,,,,,,,,,,,,,,,,,,,,,,,,,,,,,,,,,,,,,,,,,,,,,,,,,,,,,,,,,,,,,,,,,,,,,,,,,,,,,,
,ULTG KARET,GIS 150KV GEDUNGPOLA,TRF#3 150/22kV,,TRAFO 150/20kV,,Pemeliharaan Rutin 2 Tahunan,M. ULTG,ULTG,JUN,25,8:00:00,16:00:00,480,TERLAKSANA,,,Bersamaan FYI,JUN, 10,8:25:00,JUN, 10,17:53:00,568,ADA,ok,,,,,,,,,,,,,,,,,,,,,,,,,,,,,,,,,,,,,,,,,,,,,,,,,,,,,,,,,,,,,,,,,,,,,,,,,,,,,,,,,,,,,,,,,,,,,,,,,,,,,,,,,,,,,,,,,,,,,,,,,,
,ULTG MAMPANG,GIS 150KV DANAYASA,TRF#1 150/22kV,,TRAFO 150/20kV,,Pemeliharaan Rutin 2 Tahunan,M. ULTG,ULTG,JUN,20,8:00:00,16:00:00,480,TERLAKSANA,,,PEKERJAAN LANJUT SAMPAI JULI (BERSAMAAN DENGAN PENGGANTIAN TRAFO),,,,,,,,,,,,,,,,,,,,,,,,,,,,,,,,,,,,,,,,,,,,,,,,,,,,,,,,,,,,,,,,,,,,,,,,,,,,,,,,,,,,,,,,,,,,,,,,,,,,,,,,,,,,,,,,,,,,,,,,,,,,,,,,,,,
,ULTG CAWANG,GISTET 500KV CAWANG BARU,PHT 500kV BEKASI,,PENGHANTAR 500kV,,Pemeliharaan Rutin 2 Tahunan,M. ULTG,ULTG,JUN,27,8:00:00,16:00:00,480,TERLAKSANA,,,Bersamaan dengan pekerjaan korektif di sisi GITET Bekasi,JUN, 26,7:00:00,JUN, 26,15:00:00,480,ADA,ok,,,,,,,,,,,,,,,,,,,,,,,,,,,,,,,,,,,,,,,,,,,,,,,,,,,,,,,,,,,,,,,,,,,,,,,,,,,,,,,,,,,,,,,,,,,,,,,,,,,,,,,,,,,,,,,,,,,,,,,,,,
,ULTG CAWANG,GISTET 500KV CAWANG BARU,7B2 DIAMETER#2 500kV,,DIAMETER 500kV,,Pemeliharaan Rutin 2 Tahunan,M. ULTG,ULTG,JUN,27,8:00:00,16:00:00,480,TERLAKSANA,,,Bersamaan dengan pekerjaan korektif di sisi GITET Bekasi,JUN, 26,7:00:00,JUN, 26,15:00:00,480,ADA,ok,,,,,,,,,,,,,,,,,,,,,,,,,,,,,,,,,,,,,,,,,,,,,,,,,,,,,,,,,,,,,,,,,,,,,,,,,,,,,,,,,,,,,,,,,,,,,,,,,,,,,,,,,,,,,,,,,,,,,,,,,,
,ULTG CAWANG,GISTET 500KV CAWANG BARU,7AB2 DIAMETER#2 500kV,,DIAMETER 500kV,,Pemeliharaan Rutin 2 Tahunan,M. ULTG,ULTG,JUN,27,8:00:00,16:00:00,480,TERLAKSANA,,,Bersamaan dengan pekerjaan korektif di sisi GITET Bekasi,JUN, 26,7:00:00,JUN, 26,15:00:00,480,ADA,ok,,,,,,,,,,,,,,,,,,,,,,,,,,,,,,,,,,,,,,,,,,,,,,,,,,,,,,,,,,,,,,,,,,,,,,,,,,,,,,,,,,,,,,,,,,,,,,,,,,,,,,,,,,,,,,,,,,,,,,,,,,
,ULTG CAWANG,GI 150KV CIBUBUR,PHT 150kV CIBINONG #1,,PENGHANTAR 150kV,,Pemeliharaan Rutin 2 Tahunan,M. ULTG,ULTG,JUN,9,8:00:00,16:00:00,480,JADWAL ULANG,,,,,,,,,,,,,,,,,,,,,,,,,,,,,,,,,,,,,,,,,,,,,,,,,,,,,,,,,,,,,,,,,,,,,,,,,,,,,,,,,,,,,,,,,,,,,,,,,,,,,,,,,,,,,,,,,,,,,,,,,,,,,,,,,,,,,,
,ULTG CAWANG,GI 150KV CIBUBUR,PHT 150kV JATIRANGON #1,,PENGHANTAR 150kV,,Pemeliharaan Rutin 2 Tahunan,M. ULTG,ULTG,JUN,23,8:00:00,16:00:00,480,TERLAKSANA,,,,JUN, 23,7:14,JUN, 23,15:32:00,498,ADA,ok,,,,,,,,,,,,,,,,,,,,,,,,,,,,,,,,,,,,,,,,,,,,,,,,,,,,,,,,,,,,,,,,,,,,,,,,,,,,,,,,,,,,,,,,,,,,,,,,,,,,,,,,,,,,,,,,,,,,,,,,,,
,ULTG CAWANG,GI 150KV JATIRANGON,PHT 150kV CIBUBUR #1,,PENGHANTAR 150kV,,Pemeliharaan Rutin 2 Tahunan,M. ULTG,ULTG,JUN,23,8:00:00,16:00:00,480,TERLAKSANA,,,,JUN, 24,7:06:00,JUN, 24,14:25:00,439,ADA,ok,,,,,,,,,,,,,,,,,,,,,,,,,,,,,,,,,,,,,,,,,,,,,,,,,,,,,,,,,,,,,,,,,,,,,,,,,,,,,,,,,,,,,,,,,,,,,,,,,,,,,,,,,,,,,,,,,,,,,,,,,,
,ULTG CAWANG,GIS 150KV PONDOK KELAPA,PHT 150kV JATIWARINGIN #2,,PENGHANTAR 150kV,,Pemeliharaan Rutin 2 Tahunan,M. ULTG,ULTG,JUN,11,8:00:00,16:00:00,480,TERLAKSANA,,,Bersamaan dengan pekerjaan pemasangan armorod,JUN, 3,8:06:00,JUN, 3,17:15:00,549,ADA,ok,,,,,,,,,,,,,,,,,,,,,,,,,,,,,,,,,,,,,,,,,,,,,,,,,,,,,,,,,,,,,,,,,,,,,,,,,,,,,,,,,,,,,,,,,,,,,,,,,,,,,,,,,,,,,,,,,,,,,,,,,,
,ULTG CAWANG,GIS 150KV PONDOK KELAPA,PHT 150kV BEKASI#2,,PENGHANTAR 150kV,,Pemeliharaan Rutin 2 Tahunan,M. ULTG,ULTG,JUN,6,8:00:00,16:00:00,480,JADWAL ULANG,,,,, 1,,,,,,,,,,,,,,,,,,,,,,,,,,,,,,,,,,,,,,,,,,,,,,,,,,,,,,,,,,,,,,,,,,,,,,,,,,,,,,,,,,,,,,,,,,,,,,,,,,,,,,,,,,,,,,,,,,,,,,,,,,,,,,,,,
,ULTG CAWANG,GIS 150KV JATIWARINGIN,PHT 150kV PONDOK KELAPA #2,,PENGHANTAR 150kV,,Pemeliharaan Rutin 2 Tahunan,M. ULTG,ULTG,JUN,11,8:00:00,16:00:00,480,TERLAKSANA,,,Bersamaan dengan pekerjaan pemasangan armorod,JUN, 4,8:24:00,JUN, 4,1655,936,ADA,ok,,,,,,,,,,,,,,,,,,,,,,,,,,,,,,,,,,,,,,,,,,,,,,,,,,,,,,,,,,,,,,,,,,,,,,,,,,,,,,,,,,,,,,,,,,,,,,,,,,,,,,,,,,,,,,,,,,,,,,,,,,
,ULTG KARET,GIS 150KV GEDUNGPOLA,TRF#2 150/22kV,,TRAFO 150/20kV,,Pemeliharaan Rutin 2 Tahunan,M. ULTG,ULTG,JUN,25,8:00:00,16:00:00,480,TERLAKSANA,,,Bersamaan dengen pekerjaan tripping UP2B,JUN, 25,8:05:00,JUN, 25,17:47:00,582,ADA,ok,,,,,,,,,,,,,,,,,,,,,,,,,,,,,,,,,,,,,,,,,,,,,,,,,,,,,,,,,,,,,,,,,,,,,,,,,,,,,,,,,,,,,,,,,,,,,,,,,,,,,,,,,,,,,,,,,,,,,,,,,,
,ULTG KARET,GIS 150KV MANGGARAI,PHT 150kV PULOMAS #2,,PENGHANTAR 150kV,,Pemeliharaan Rutin 2 Tahunan,M. ULTG,ULTG,JUN,28,8:00:00,16:00:00,480,TERLAKSANA,,,Bersamaan dengen pekerjaan cleaning,JUN, 28,6:49:00,JUN, 28,17:19:00,630,ADA,ok,,,,,,,,,,,,,,,,,,,,,,,,,,,,,,,,,,,,,,,,,,,,,,,,,,,,,,,,,,,,,,,,,,,,,,,,,,,,,,,,,,,,,,,,,,,,,,,,,,,,,,,,,,,,,,,,,,,,,,,,,,
,ULTG KARET,GIS 150KV DUKUHATAS,PHT 150kV SETIABUDI #2,,PENGHANTAR 150kV,,Pemeliharaan Rutin 2 Tahunan,M. ULTG,ULTG,JUN,30,8:00:00,16:00:00,480,TERLAKSANA,,,Bersamaan dengan Har Off SKTT,JUN, 30,7:44:00,JUN, 30,16:11:00,507,ADA,ok,,,,,,,,,,,,,,,,,,,,,,,,,,,,,,,,,,,,,,,,,,,,,,,,,,,,,,,,,,,,,,,,,,,,,,,,,,,,,,,,,,,,,,,,,,,,,,,,,,,,,,,,,,,,,,,,,,,,,,,,,,
,ULTG KARET,GI 150KV KARET LAMA,PHT 150kV KARET BARU#2,,PENGHANTAR 150kV,,Pemeliharaan Rutin 2 Tahunan,M. ULTG,ULTG,JUN,20,8:00:00,16:00:00,480,TERLAKSANA,,,Bersamaan dengan Har Off SKTT,JUN, 20,8:25:00,JUN, 20,15:34:00,429,ADA,ok,,,,,,,,,,,,,,,,,,,,,,,,,,,,,,,,,,,,,,,,,,,,,,,,,,,,,,,,,,,,,,,,,,,,,,,,,,,,,,,,,,,,,,,,,,,,,,,,,,,,,,,,,,,,,,,,,,,,,,,,,,
,ULTG KARET,GIS 150KV KARET BARU,PHT 150kV KARET LAMA#2,,PENGHANTAR 150kV,,Pemeliharaan Rutin 2 Tahunan,M. ULTG,ULTG,JUN,20,8:00:00,16:00:00,480,TERLAKSANA,,,Bersamaan dengan Har Off SKTT,JUN, 20,8:25:00,JUN, 20,15:34:00,429,ADA,ok,,,,,,,,,,,,,,,,,,,,,,,,,,,,,,,,,,,,,,,,,,,,,,,,,,,,,,,,,,,,,,,,,,,,,,,,,,,,,,,,,,,,,,,,,,,,,,,,,,,,,,,,,,,,,,,,,,,,,,,,,,
,ULTG KARET,GIS 150KV KARET BARU,PHT 150kV KEBON JERUK#2,,PENGHANTAR 150kV,,Pemeliharaan Rutin 2 Tahunan,M. ULTG,ULTG,JUN,13,8:00:00,16:00:00,480,TERLAKSANA,,,Bersamaan dengan Har Off SKTT,JUN, 13,8:10:00,JUN, 13,21:33:00,803,ADA,ok,,,,,,,,,,,,,,,,,,,,,,,,,,,,,,,,,,,,,,,,,,,,,,,,,,,,,,,,,,,,,,,,,,,,,,,,,,,,,,,,,,,,,,,,,,,,,,,,,,,,,,,,,,,,,,,,,,,,,,,,,,
,ULTG KARET,GIS 150kV CEMPAKA PUTIH,BUSBAR #2 150kV,,BUSBAR 150kV,,Pemeliharaan Rutin 2 Tahunan,M. ULTG,ULTG,JUN,10,8:00:00,16:00:00,480,JADWAL ULANG,,,,,,,,,,,,,,,,,,,,,,,,,,,,,,,,,,,,,,,,,,,,,,,,,,,,,,,,,,,,,,,,,,,,,,,,,,,,,,,,,,,,,,,,,,,,,,,,,,,,,,,,,,,,,,,,,,,,,,,,,,,,,,,,,,,,,,
,ULTG KARET,GIS 150kV CEMPAKA PUTIH,BUSBAR #1 150kV,,BUSBAR 150kV,,Pemeliharaan Rutin 2 Tahunan,M. ULTG,ULTG,JUN,10,8:00:00,16:00:00,480,JADWAL ULANG,,,,,,,,,,,,,,,,,,,,,,,,,,,,,,,,,,,,,,,,,,,,,,,,,,,,,,,,,,,,,,,,,,,,,,,,,,,,,,,,,,,,,,,,,,,,,,,,,,,,,,,,,,,,,,,,,,,,,,,,,,,,,,,,,,,,,,
,ULTG KARET,GIS 150kV CEMPAKA PUTIH,KOPEL BUS 150kV,,KOPEL 150kV,,Pemeliharaan Rutin 2 Tahunan,M. ULTG,ULTG,JUN,10,8:00:00,16:00:00,480,JADWAL ULANG,,,,,,,,,,,,,,,,,,,,,,,,,,,,,,,,,,,,,,,,,,,,,,,,,,,,,,,,,,,,,,,,,,,,,,,,,,,,,,,,,,,,,,,,,,,,,,,,,,,,,,,,,,,,,,,,,,,,,,,,,,,,,,,,,,,,,,
,ULTG MAMPANG,GIS 150KV SENAYAN,BUSBAR #1 150kV,,BUSBAR 150kV,,Pemeliharaan Rutin 2 Tahunan,M. ULTG,ULTG,JUN,27,8:00:00,16:00:00,480,TERLAKSANA,,,Tanpa padam ,JUN, 27,8:00:00,JUN, 27,16:00:00,480,ADA,ok,,,,,,,,,,,,,,,,,,,,,,,,,,,,,,,,,,,,,,,,,,,,,,,,,,,,,,,,,,,,,,,,,,,,,,,,,,,,,,,,,,,,,,,,,,,,,,,,,,,,,,,,,,,,,,,,,,,,,,,,,,
,ULTG MAMPANG,GIS 150KV SENAYAN,BUSBAR #2 150kV,,BUSBAR 150kV,,Pemeliharaan Rutin 2 Tahunan,M. ULTG,ULTG,JUN,27,8:00:00,16:00:00,480,TERLAKSANA,,,Tanpa padam ,JUN, 27,8:00:00,JUN, 27,16:00:00,480, ,ok,,,,,,,,,,,,,,,,,,,,,,,,,,,,,,,,,,,,,,,,,,,,,,,,,,,,,,,,,,,,,,,,,,,,,,,,,,,,,,,,,,,,,,,,,,,,,,,,,,,,,,,,,,,,,,,,,,,,,,,,,,
,ULTG MAMPANG,GIS 150KV SENAYAN,KOPEL BUS 150kV,,KOPEL 150kV,,Pemeliharaan Rutin 2 Tahunan,M. ULTG,ULTG,JUN,27,8:00:00,16:00:00,480,TERLAKSANA,,,,JUN, 27,8:11:00,JUN, 27,12:09:00,238,ADA,ok,,,,,,,,,,,,,,,,,,,,,,,,,,,,,,,,,,,,,,,,,,,,,,,,,,,,,,,,,,,,,,,,,,,,,,,,,,,,,,,,,,,,,,,,,,,,,,,,,,,,,,,,,,,,,,,,,,,,,,,,,,
,ULTG KARET,GIS 150KV GAMBIRLAMA,TRF#3 150/22kV,,TRAFO 150/20kV,,Pemeliharaan Rutin 2 Tahunan,M. ULTG,ULTG,JUN, 6,8:00:00,16:00:00,480,TERLAKSANA,,,Bersamaan penggantia OTI,JUN, 6,8:24:00,JUN, 6,17:35:00,551,ADA,ok,,,,,,,,,,,,,,,,,,,,,,,,,,,,,,,,,,,,,,,,,,,,,,,,,,,,,,,,,,,,,,,,,,,,,,,,,,,,,,,,,,,,,,,,,,,,,,,,,,,,,,,,,,,,,,,,,,,,,,,,,,
,ULTG MAMPANG,GIS 150KV TAMAN RASUNA,TRF#2 150/22kV,,TRAFO 150/20kV,,Pemeliharaan Rutin 2 Tahunan,M. ULTG,ULTG,JUN,,8:00:00,16:00:00,480,TERLAKSANA,,,Bersamaan pemeliharaan busbar 20kV,JUN, 20,8:56:00,JUN, 20,19:21:00,625,ADA,ok,,,,,,,,,,,,,,,,,,,,,,,,,,,,,,,,,,,,,,,,,,,,,,,,,,,,,,,,,,,,,,,,,,,,,,,,,,,,,,,,,,,,,,,,,,,,,,,,,,,,,,,,,,,,,,,,,,,,,,,,,,
,ULTG MAMPANG,GIS 150KV CSW,TRF#2 150/22kV,,TRAFO 150/20kV,,Pemeliharaan Rutin 2 Tahunan,M. ULTG,ULTG,JUN, 3,8:00:00,16:00:00,480,TERLAKSANA,,,Bersamaan ekerjaan rehab kubikel 20kV,JUN, 3,8:00:00,JUN, 3,16:00:00,480,ADA,ok,,,,,,,,,,,,,,,,,,,,,,,,,,,,,,,,,,,,,,,,,,,,,,,,,,,,,,,,,,,,,,,,,,,,,,,,,,,,,,,,,,,,,,,,,,,,,,,,,,,,,,,,,,,,,,,,,,,,,,,,,,
,ULTG CAWANG,GIS 150KV SETIABUDI,PHT 150kV DUKUH ATAS#2,,PENGHANTAR 150kV,,Pemeliharaan Rutin 2 Tahunan,M. ULTG,ULTG,JUN,,8:00:00,16:00:00,480,TERLAKSANA,,,Bersamaan dengan Har Off SKTT,JUN, 30,7:44:00,JUN, 30,16:11:00,507,ADA,ok,,,,,,,,,,,,,,,,,,,,,,,,,,,,,,,,,,,,,,,,,,,,,,,,,,,,,,,,,,,,,,,,,,,,,,,,,,,,,,,,,,,,,,,,,,,,,,,,,,,,,,,,,,,,,,,,,,,,,,,,,,
,ULTG KARET,GI 150KV KARET LAMA,TRF#1 150/22kV,,TRAFO 150/20kV,,Pemeliharaan Rutin 2 Tahunan,M. ULTG,ULTG,JUL, 18,8:00:00,16:00:00,480,TERLAKSANA,,,,JUL, 18,,JUL, 18,,,,ADA,16,,,,,,,,,,,,,,,,,,,,,,,,,,,,,,,,,,,,,,,,,,,,,,,,,,,,,,,,,,,,,,,,,,,,,,,,,,,,,,,,,,,,,,,,,,,,,,,,,,,,,,,,,,,,,,,,,,,,,,,,,
,ULTG KARET,GI 150KV KARET LAMA,TRF#2 150/22kV,,TRAFO 150/20kV,,Pemeliharaan Rutin 2 Tahunan,M. ULTG,ULTG,JUL, 4,8:00:00,16:00:00,480,TERLAKSANA,,,,JUL, 4,08:26,JUL, 4,19:04,,ADA,OK,12,,,,,,,,,,,,,,,,,,,,,,,,,,,,,,,,,,,,,,,,,,,,,,,,,,,,,,,,,,,,,,,,,,,,,,,,,,,,,,,,,,,,,,,,,,,,,,,,,,,,,,,,,,,,,,,,,,,,,,,,,
,ULTG KARET,GIS 150KV GEDUNGPOLA,TRF#1 150/22kV,,TRAFO 150/20kV,,Pemeliharaan Rutin 2 Tahunan,M. ULTG,ULTG,JUL, 23,8:00:00,16:00:00,480,TERLAKSANA,,,,JUL, 23,,JUL, 23,,,,ADA,,,,,,,,,,,,,,,,,,,,,,,,,,,,,,,,,,,,,,,,,,,,,,,,,,,,,,,,,,,,,,,,,,,,,,,,,,,,,,,,,,,,,,,,,,,,,,,,,,,,,,,,,,,,,,,,,,,,,,,,,,
,ULTG MAMPANG,GIS 150KV Senayan,TRF#2 150/22kV,,TRAFO 150/20kV,,Pemeliharaan Rutin 2 Tahunan,M. ULTG,ULTG,JUL, 26,8:00:00,16:00:00,480,TERLAKSANA,,,,JUL, 26,8:00:00,JUL, 26,16:00:00,,ADA,OK,,,,,,,,,,,,,,,,,,,,,,,,,,,,,,,,,,,,,,,,,,,,,,,,,,,,,,,,,,,,,,,,,,,,,,,,,,,,,,,,,,,,,,,,,,,,,,,,,,,,,,,,,,,,,,,,,,,,,,,,,,
,ULTG MAMPANG,GIS 150KV PLTD SENAYAN,GSUT#1,,TRAFO 150/20kV,,Pemeliharaan Rutin 2 Tahunan,M. ULTG,ULTG,JUL,,8:00:00,16:00:00,480,,,,,,,,,,,,,,,,,,,,,,,,,,,,,,,,,,,,,,,,,,,,,,,,,,,,,,,,,,,,,,,,,,,,,,,,,,,,,,,,,,,,,,,,,,,,,,,,,,,,,,,,,,,,,,,,,,,,,,,,,,,,,,,,,,,,,,,
,ULTG MAMPANG,GIS 150KV PLTD SENAYAN,GSUT#2,,TRAFO 150/20kV,,Pemeliharaan Rutin 2 Tahunan,M. ULTG,ULTG,JUL,,8:00:00,16:00:00,480,,,,,,,,,,,,,,,,,,,,,,,,,,,,,,,,,,,,,,,,,,,,,,,,,,,,,,,,,,,,,,,,,,,,,,,,,,,,,,,,,,,,,,,,,,,,,,,,,,,,,,,,,,,,,,,,,,,,,,,,,,,,,,,,,,,,,,,
,ULTG CAWANG,GI 150KV CAWANG LAMA,PHT 150kV DEPOK #1,,PENGHANTAR 150kV,,Pemeliharaan Rutin 2 Tahunan,M. ULTG,ULTG,JUL, 30,8:00:00,16:00:00,480,TERLAKSANA,,,Bersamaan penggantian DS line,JUL, 30,8:00:00,JUL, 30,16:00:00,,ADA,OK,,,,,,,,,,,,,,,,,,,,,,,,,,,,,,,,,,,,,,,,,,,,,,,,,,,,,,,,,,,,,,,,,,,,,,,,,,,,,,,,,,,,,,,,,,,,,,,,,,,,,,,,,,,,,,,,,,,,,,,,,,
,ULTG CAWANG,GIS 150KV Cipinang,PHT 150kV PULOMAS #2,,PENGHANTAR 150kV,,Pemeliharaan Rutin 2 Tahunan,M. ULTG,ULTG,JUL,,8:00:00,16:00:00,480,JADWAL ULANG,,,,,,,,,,,,,,,,,,,,,,,,,,,,,,,,,,,,,,,,,,,,,,,,,,,,,,,,,,,,,,,,,,,,,,,,,,,,,,,,,,,,,,,,,,,,,,,,,,,,,,,,,,,,,,,,,,,,,,,,,,,,,,,,,,,,,,
,ULTG CAWANG,GIS 150KV Pondok Kelapa,PHT 150kV BEKASI#2,,PENGHANTAR 150kV,,Pemeliharaan Rutin 2 Tahunan,M. ULTG,ULTG,JUL, 6,8:00:00,16:00:00,480,TERLAKSANA,,,,JUL, 6,9:21:00,JUL, 6,16:15:00,,ADA,OK,,,,,,,,,,,,,,,,,,,,,,,,,,,,,,,,,,,,,,,,,,,,,,,,,,,,,,,,,,,,,,,,,,,,,,,,,,,,,,,,,,,,,,,,,,,,,,,,,,,,,,,,,,,,,,,,,,,,,,,,,,
,ULTG CAWANG,GIS 150KV Jatiwaringin,PHT 150kV PONDOK KELAPA #1,,PENGHANTAR 150kV,,Pemeliharaan Rutin 2 Tahunan,M. ULTG,ULTG,JUL, 13,8:00:00,16:00:00,480,TERLAKSANA,,,,JUL, 13,8:48:00,JUL, 13,17:25:00,,ADA,OK,13,,,,,,,,,,,,,,,,,,,,,,,,,,,,,,,,,,,,,,,,,,,,,,,,,,,,,,,,,,,,,,,,,,,,,,,,,,,,,,,,,,,,,,,,,,,,,,,,,,,,,,,,,,,,,,,,,,,,,,,,,
,ULTG KARET,GIS 150KV GAMBIRLAMA,PHT 150kV MENTENG#1,,PENGHANTAR 150kV,,Pemeliharaan Rutin 2 Tahunan,M. ULTG,ULTG,JUL,,8:00:00,16:00:00,480,,,,,,,,,,,,ADA,OK,,,,,,,,,,,,,,,,,,,,,,,,,,,,,,,,,,,,,,,,,,,,,,,,,,,,,,,,,,,,,,,,,,,,,,,,,,,,,,,,,,,,,,,,,,,,,,,,,,,,,,,,,,,,,,,,,,,,,,,,,,
,ULTG KARET,GIS 150KV Menteng,PHT 150KV GAMBIR LAMA #1,,PENGHANTAR 150kV,,Pemeliharaan Rutin 2 Tahunan,M. ULTG,ULTG,JUL,,8:00:00,16:00:00,480,,,,,,,,,,,,ADA,OK,,,,,,,,,,,,,,,,,,,,,,,,,,,,,,,,,,,,,,,,,,,,,,,,,,,,,,,,,,,,,,,,,,,,,,,,,,,,,,,,,,,,,,,,,,,,,,,,,,,,,,,,,,,,,,,,,,,,,,,,,,
,ULTG KARET,GIS 150KV GEDUNGPOLA,PHT 150kV MANGGARAI,,PENGHANTAR 150kV,,Pemeliharaan Rutin 2 Tahunan,M. ULTG,ULTG,JUL,,8:00:00,16:00:00,480,JADWAL ULANG,,,,,,,,,,,,,,,,,,,,,,,,,,,,,,,,,,,,,,,,,,,,,,,,,,,,,,,,,,,,,,,,,,,,,,,,,,,,,,,,,,,,,,,,,,,,,,,,,,,,,,,,,,,,,,,,,,,,,,,,,,,,,,,,,,,,,,
,ULTG KARET,GIS 150KV Manggarai,PHT 150kV GEDUNG POLA,,PENGHANTAR 150kV,,Pemeliharaan Rutin 2 Tahunan,M. ULTG,ULTG,JUL,,8:00:00,16:00:00,480,JADWAL ULANG,,,,,,,,,,,,,,,,,,,,,,,,,,,,,,,,,,,,,,,,,,,,,,,,,,,,,,,,,,,,,,,,,,,,,,,,,,,,,,,,,,,,,,,,,,,,,,,,,,,,,,,,,,,,,,,,,,,,,,,,,,,,,,,,,,,,,,
,ULTG KARET,GIS 150KV Cempaka Putih,PHT 150KV TANAH TINGGI,,PENGHANTAR 150kV,,Pemeliharaan Rutin 2 Tahunan,M. ULTG,ULTG,JUL,,8:00:00,16:00:00,480,JADWAL ULANG,,,,,,,,,,,,,,,,,,,,,,,,,,,,,,,,,,,,,,,,,,,,,,,,,,,,,,,,,,,,,,,,,,,,,,,,,,,,,,,,,,,,,,,,,,,,,,,,,,,,,,,,,,,,,,,,,,,,,,,,,,,,,,,,,,,,,,
,ULTG MAMPANG,GIS 150KV DANAYASA,PHT 150kV SENAYAN,,PENGHANTAR 150kV,,Pemeliharaan Rutin 2 Tahunan,M. ULTG,ULTG,JUL, 4,8:00:00,16:00:00,480,TERLAKSANA,,,,JUL, 4,9:18:00,JUL, 4,16:42:00,,ADA,OK,,,,,,,,,,,,,,,,,,,,,,,,,,,,,,,,,,,,,,,,,,,,,,,,,,,,,,,,,,,,,,,,,,,,,,,,,,,,,,,,,,,,,,,,,,,,,,,,,,,,,,,,,,,,,,,,,,,,,,,,,,
,ULTG MAMPANG,GIS 150KV CSW,PHT 150kV PLTD SENAYAN,,PENGHANTAR 150kV,,Pemeliharaan Rutin 2 Tahunan,M. ULTG,ULTG,JUL, 11,8:00:00,16:00:00,480,TERLAKSANA,,,,JUL, 11,08:05,JUL, 11,16:50,,ADA,OK,,,,,,,,,,,,,,,,,,,,,,,,,,,,,,,,,,,,,,,,,,,,,,,,,,,,,,,,,,,,,,,,,,,,,,,,,,,,,,,,,,,,,,,,,,,,,,,,,,,,,,,,,,,,,,,,,,,,,,,,,,
,ULTG MAMPANG,GIS 150KV PLTD SENAYAN,PHT 150kV CSW#2,,PENGHANTAR 150kV,,Pemeliharaan Rutin 2 Tahunan,M. ULTG,ULTG,JUL, 18,8:00:00,16:00:00,480,TERLAKSANA,,,,JUL, 18,08:05,JUL, 18,16:50,,ADA,OK,,,,,,,,,,,,,,,,,,,,,,,,,,,,,,,,,,,,,,,,,,,,,,,,,,,,,,,,,,,,,,,,,,,,,,,,,,,,,,,,,,,,,,,,,,,,,,,,,,,,,,,,,,,,,,,,,,,,,,,,,,
,ULTG MAMPANG,GIS 150KV PLTD SENAYAN,5A2 DIAMETER#2 150kV,,DIAMETER 150kV,,Pemeliharaan Rutin 2 Tahunan,M. ULTG,ULTG,JUL, 18,8:00:00,16:00:00,480,TERLAKSANA,,,,JUL, 18,08:05,JUL, 18,16:50,,ADA,OK,13,,,,,,,,,,,,,,,,,,,,,,,,,,,,,,,,,,,,,,,,,,,,,,,,,,,,,,,,,,,,,,,,,,,,,,,,,,,,,,,,,,,,,,,,,,,,,,,,,,,,,,,,,,,,,,,,,,,,,,,,,
,ULTG MAMPANG,GIS 150KV PLTD SENAYAN,5AB2 DIAMETER#2 150kV,,DIAMETER 150kV,,Pemeliharaan Rutin 2 Tahunan,M. ULTG,ULTG,JUL, 18,8:00:00,16:00:00,480,TERLAKSANA,,,,JUL, 18,08:05,JUL, 18,16:50,,ADA,OK,13,,,,,,,,,,,,,,,,,,,,,,,,,,,,,,,,,,,,,,,,,,,,,,,,,,,,,,,,,,,,,,,,,,,,,,,,,,,,,,,,,,,,,,,,,,,,,,,,,,,,,,,,,,,,,,,,,,,,,,,,,
,ULTG CAWANG,GIS 150KV Jatiwaringin,BUSBAR #1 150kV,,BUSBAR 150kV,,Pemeliharaan Rutin 2 Tahunan,M. ULTG,ULTG,JUL, 8,8:00:00,16:00:00,480,TERLAKSANA,,,,JUL, 8,8:34:00,JUL, 8,11:35:00,,ADA,OK,17,,,,,,,,,,,,,,,,,,,,,,,,,,,,,,,,,,,,,,,,,,,,,,,,,,,,,,,,,,,,,,,,,,,,,,,,,,,,,,,,,,,,,,,,,,,,,,,,,,,,,,,,,,,,,,,,,,,,,,,,,
,ULTG CAWANG,GIS 150KV Jatiwaringin,BUSBAR #2 150kV,,BUSBAR 150kV,,Pemeliharaan Rutin 2 Tahunan,M. ULTG,ULTG,JUL, 8,8:00:00,16:00:00,480,TERLAKSANA,,,,JUL, 8,11:52:00,JUL, 8,14:24:00,,ADA,OK,17,,,,,,,,,,,,,,,,,,,,,,,,,,,,,,,,,,,,,,,,,,,,,,,,,,,,,,,,,,,,,,,,,,,,,,,,,,,,,,,,,,,,,,,,,,,,,,,,,,,,,,,,,,,,,,,,,,,,,,,,,
,ULTG CAWANG,GIS 150KV Jatiwaringin,KOPEL BUS 150kV,,KOPEL 150kV,,Pemeliharaan Rutin 2 Tahunan,M. ULTG,ULTG,JUL, 8,8:00:00,16:00:00,480,TERLAKSANA,,,,JUL, 8,8:34:00,JUL, 8,14:24:00,,ADA,OK,17,,,,,,,,,,,,,,,,,,,,,,,,,,,,,,,,,,,,,,,,,,,,,,,,,,,,,,,,,,,,,,,,,,,,,,,,,,,,,,,,,,,,,,,,,,,,,,,,,,,,,,,,,,,,,,,,,,,,,,,,,
,ULTG KARET,GIS 150KV Cempaka Putih,BUSBAR #2 150kV,,BUSBAR 150kV,,Pemeliharaan Rutin 2 Tahunan,M. ULTG,ULTG,JUL, 21,8:00:00,16:00:00,480,TERLAKSANA,,,Har Off tanpa padam,JUL, 21,8:00:00,JUL, 21,16:00:00,,ADA,OK,,,,,,,,,,,,,,,,,,,,,,,,,,,,,,,,,,,,,,,,,,,,,,,,,,,,,,,,,,,,,,,,,,,,,,,,,,,,,,,,,,,,,,,,,,,,,,,,,,,,,,,,,,,,,,,,,,,,,,,,,,
,ULTG KARET,GIS 150KV Cempaka Putih,BUSBAR #1 150kV,,BUSBAR 150kV,,Pemeliharaan Rutin 2 Tahunan,M. ULTG,ULTG,JUL, 21,8:00:00,16:00:00,480,TERLAKSANA,,,Har Off tanpa padam,JUL, 21,8:00:00,JUL, 21,16:00:00,,ADA,OK,,,,,,,,,,,,,,,,,,,,,,,,,,,,,,,,,,,,,,,,,,,,,,,,,,,,,,,,,,,,,,,,,,,,,,,,,,,,,,,,,,,,,,,,,,,,,,,,,,,,,,,,,,,,,,,,,,,,,,,,,,
,ULTG KARET,GIS 150KV Menteng,BUSBAR #1 150kV,,BUSBAR 150kV,,Pemeliharaan Rutin 2 Tahunan,M. ULTG,ULTG,JUL, 15,8:00:00,16:00:00,480,TERLAKSANA,,,Har Off tanpa padam,JUL, 15,8:00:00,JUL, 15,16:00:00,,ADA,OK,,,,,,,,,,,,,,,,,,,,,,,,,,,,,,,,,,,,,,,,,,,,,,,,,,,,,,,,,,,,,,,,,,,,,,,,,,,,,,,,,,,,,,,,,,,,,,,,,,,,,,,,,,,,,,,,,,,,,,,,,,
,ULTG KARET,GIS 150KV Menteng,BUSBAR #2 150kV,,BUSBAR 150kV,,Pemeliharaan Rutin 2 Tahunan,M. ULTG,ULTG,JUL, 15,8:00:00,16:00:00,480,TERLAKSANA,,,Har Off tanpa padam,JUL, 15,8:00:00,JUL, 15,16:00:00,,ADA,OK,,,,,,,,,,,,,,,,,,,,,,,,,,,,,,,,,,,,,,,,,,,,,,,,,,,,,,,,,,,,,,,,,,,,,,,,,,,,,,,,,,,,,,,,,,,,,,,,,,,,,,,,,,,,,,,,,,,,,,,,,,
,ULTG KARET,GIS 150KV Cempaka Putih,KOPEL BUS 150kV,,KOPEL 150kV,,Pemeliharaan Rutin 2 Tahunan,M. ULTG,ULTG,JUL, 21,8:00:00,16:00:00,480,TERLAKSANA,,,,JUL, 21,08:17:00,JUL, 21,11:36:00,,ADA,OK,,,,,,,,,,,,,,,,,,,,,,,,,,,,,,,,,,,,,,,,,,,,,,,,,,,,,,,,,,,,,,,,,,,,,,,,,,,,,,,,,,,,,,,,,,,,,,,,,,,,,,,,,,,,,,,,,,,,,,,,,,
,ULTG KARET,GIS 150KV Menteng,KOPEL BUS 150kV,,KOPEL 150kV,,Pemeliharaan Rutin 2 Tahunan,M. ULTG,ULTG,JUL, 15,8:00:00,16:00:00,480,TERLAKSANA,,,,JUL, 15,09:04:00,JUL, 15,12:31:00,,ADA,OK,,,,,,,,,,,,,,,,,,,,,,,,,,,,,,,,,,,,,,,,,,,,,,,,,,,,,,,,,,,,,,,,,,,,,,,,,,,,,,,,,,,,,,,,,,,,,,,,,,,,,,,,,,,,,,,,,,,,,,,,,,
,ULTG MAMPANG,GIS 150KV DURENTIGA,BUSBAR #1 150kV,,BUSBAR 150kV,,Pemeliharaan Rutin 2 Tahunan,M. ULTG,ULTG,JUL, 11,8:00:00,16:00:00,480,TERLAKSANA,,,,JUL, 11,08:11:00,JUL, 11,14:35:00,,ADA,OK,,,,,,,,,,,,,,,,,,,,,,,,,,,,,,,,,,,,,,,,,,,,,,,,,,,,,,,,,,,,,,,,,,,,,,,,,,,,,,,,,,,,,,,,,,,,,,,,,,,,,,,,,,,,,,,,,,,,,,,,,,
,ULTG MAMPANG,GIS 150KV DURENTIGA,BUSBAR #2 150kV,,BUSBAR 150kV,,Pemeliharaan Rutin 2 Tahunan,M. ULTG,ULTG,JUL, 11,8:00:00,16:00:00,480,TERLAKSANA,,,,JUL, 11,14:36:00,JUL, 11,15:37:00,,ADA,OK,,,,,,,,,,,,,,,,,,,,,,,,,,,,,,,,,,,,,,,,,,,,,,,,,,,,,,,,,,,,,,,,,,,,,,,,,,,,,,,,,,,,,,,,,,,,,,,,,,,,,,,,,,,,,,,,,,,,,,,,,,
,ULTG MAMPANG,GIS 150KV DURENTIGA,KOPEL BUS 150kV,,KOPEL 150kV,,Pemeliharaan Rutin 2 Tahunan,M. ULTG,ULTG,JUL, 11,8:00:00,16:00:00,480,TERLAKSANA,,,,JUL, 11,08:11:00,JUL, 11,15:37:00,,ADA,OK,,,,,,,,,,,,,,,,,,,,,,,,,,,,,,,,,,,,,,,,,,,,,,,,,,,,,,,,,,,,,,,,,,,,,,,,,,,,,,,,,,,,,,,,,,,,,,,,,,,,,,,,,,,,,,,,,,,,,,,,,,
,ULTG KARET,GIS 150KV Manggarai,TRF#2 150/22kV,,TRAFO 150/20kV,,Pemeliharaan Rutin 2 Tahunan,M. ULTG,ULTG,AGT, 5,8:00:00,16:00:00,480,TERLAKSANA,,,,AGT, 5,,AGT, 5,,,ADA,ADA,,,,,,,,,,,,,,,,,,,,,,,,,,,,,,,,,,,,,,,,,,,,,,,,,,,,,,,,,,,,,,,,,,,,,,,,,,,,,,,,,,,,,,,,,,,,,,,,,,,,,,,,,,,,,,,,,,,,,,,,,,
,ULTG MAMPANG,GIS 150KV PLTD SENAYAN,5A5 DIAMETER#5 150kV,,DIAMETER 150kV,,Pemeliharaan Rutin 2 Tahunan,M. ULTG,ULTG,AGT, 8,8:00:00,16:00:00,480,TERLAKSANA,,,,AGT, 8,,AGT, 8,,,ADA,ADA,,,,,,,,,,,,,,,,,,,,,,,,,,,,,,,,,,,,,,,,,,,,,,,,,,,,,,,,,,,,,,,,,,,,,,,,,,,,,,,,,,,,,,,,,,,,,,,,,,,,,,,,,,,,,,,,,,,,,,,,,,
,ULTG MAMPANG,GIS 150KV PLTD SENAYAN,5AB5 DIAMETER#5 150kV,,DIAMETER 150kV,,Pemeliharaan Rutin 2 Tahunan,M. ULTG,ULTG,AGT, 8,8:00:00,16:00:00,480,TERLAKSANA,,,,AGT, 8,,AGT, 8,,,ADA,ADA,,,,,,,,,,,,,,,,,,,,,,,,,,,,,,,,,,,,,,,,,,,,,,,,,,,,,,,,,,,,,,,,,,,,,,,,,,,,,,,,,,,,,,,,,,,,,,,,,,,,,,,,,,,,,,,,,,,,,,,,,,
,ULTG CAWANG,GI 150KV JATIRANGON,PHT 150kV MINIATUR,,PENGHANTAR 150kV,,Pemeliharaan Rutin 2 Tahunan,M. ULTG,ULTG,AGT, 4,8:00:00,16:00:00,480,JADWAL ULANG,,,,,,,,,,,,,,,,,,,,,,,,,,,,,,,,,,,,,,,,,,,,,,,,,,,,,,,,,,,,,,,,,,,,,,,,,,,,,,,,,,,,,,,,,,,,,,,,,,,,,,,,,,,,,,,,,,,,,,,,,,,,,,,,,,,,,,
,ULTG CAWANG,GIS 150KV MINIATUR,PHT 150kV JATIRANGON,,PENGHANTAR 150kV,,Pemeliharaan Rutin 2 Tahunan,M. ULTG,ULTG,AGT, 4,8:00:00,16:00:00,480,JADWAL ULANG,,,,,,,,,,,,,,,,,,,,,,,,,,,,,,,,,,,,,,,,,,,,,,,,,,,,,,,,,,,,,,,,,,,,,,,,,,,,,,,,,,,,,,,,,,,,,,,,,,,,,,,,,,,,,,,,,,,,,,,,,,,,,,,,,,,,,,
,ULTG KARET,GIS 150KV Karet Baru,PHT 150kV KEBON JERUK#1,,PENGHANTAR 150kV,,Pemeliharaan Rutin 2 Tahunan,M. ULTG,ULTG,AGT, 1,8:00:00,16:00:00,480,JADWAL ULANG,,,,,,,,,,,,,,,,,,,,,,,,,,,,,,,,,,,,,,,,,,,,,,,,,,,,,,,,,,,,,,,,,,,,,,,,,,,,,,,,,,,,,,,,,,,,,,,,,,,,,,,,,,,,,,,,,,,,,,,,,,,,,,,,,,,,,,
,ULTG MAMPANG,GIS 150KV Senayan,PHT 150kV PLTD SENAYAN,,PENGHANTAR 150kV,,Pemeliharaan Rutin 2 Tahunan,M. ULTG,ULTG,AGT, 8,8:00:00,16:00:00,480,TERLAKSANA,,,,AGT, 9,,AGT, 9,,,ADA,ADA,,,,,,,,,,,,,,,,,,,,,,,,,,,,,,,,,,,,,,,,,,,,,,,,,,,,,,,,,,,,,,,,,,,,,,,,,,,,,,,,,,,,,,,,,,,,,,,,,,,,,,,,,,,,,,,,,,,,,,,,,,
,ULTG CAWANG,GI 150KV CIBUBUR,PHT 150kV CIBINONG #1,,PENGHANTAR 150kV,,Pemeliharaan Rutin 2 Tahunan,M. ULTG,ULTG,AGT, 20,8:00:00,16:00:00,480,TERLAKSANA,,,,AGT, 22,,AGT, 22,,,ADA,ADA,,,,,,,,,,,,,,,,,,,,,,,,,,,,,,,,,,,,,,,,,,,,,,,,,,,,,,,,,,,,,,,,,,,,,,,,,,,,,,,,,,,,,,,,,,,,,,,,,,,,,,,,,,,,,,,,,,,,,,,,,,
,ULTG CAWANG,GI 150KV JATIRANGON,TRF#3 150/22kV,,TRAFO 150/20kV,,Pemeliharaan Rutin 2 Tahunan,M. ULTG,ULTG,AGT, 22,8:00:00,16:00:00,480,TERLAKSANA,,,,AGT, 20,,AGT, 20,,,ADA,ADA,,,,,,,,,,,,,,,,,,,,,,,,,,,,,,,,,,,,,,,,,,,,,,,,,,,,,,,,,,,,,,,,,,,,,,,,,,,,,,,,,,,,,,,,,,,,,,,,,,,,,,,,,,,,,,,,,,,,,,,,,,
,ULTG KARET,GIS 150kV CEMPAKA PUTIH,PHT 150KV TANAH TINGGI,,PENGHANTAR 150kV,,Pemeliharaan Rutin 2 Tahunan,M. ULTG,ULTG,AGT, 1,8:00:00,16:00:00,480,TERLAKSANA,,,,AGT, 1,,AGT, 1,,,ADA,ADA,,,,,,,,,,,,,,,,,,,,,,,,,,,,,,,,,,,,,,,,,,,,,,,,,,,,,,,,,,,,,,,,,,,,,,,,,,,,,,,,,,,,,,,,,,,,,,,,,,,,,,,,,,,,,,,,,,,,,,,,,,
,ULTG KARET,GIS 150kV CEMPAKA PUTIH,PHT 150kV PULOMAS #2,,PENGHANTAR 150kV,,Pemeliharaan Rutin 2 Tahunan,M. ULTG,ULTG,AGT, 9,8:00:00,16:00:00,480,TERLAKSANA,,,,AGT, 9,,AGT, 9,,,ADA,ADA,,,,,,,,,,,,,,,,,,,,,,,,,,,,,,,,,,,,,,,,,,,,,,,,,,,,,,,,,,,,,,,,,,,,,,,,,,,,,,,,,,,,,,,,,,,,,,,,,,,,,,,,,,,,,,,,,,,,,,,,,,
,ULTG MAMPANG,GIS 150KV PLTD SENAYAN,PHT 150kV SENAYAN,,PENGHANTAR 150kV,,Pemeliharaan Rutin 2 Tahunan,M. ULTG,ULTG,AGT, 8,8:00:00,16:00:00,480,TERLAKSANA,,,,AGT, 8,,AGT, 8,,,ADA,ADA,,,,,,,,,,,,,,,,,,,,,,,,,,,,,,,,,,,,,,,,,,,,,,,,,,,,,,,,,,,,,,,,,,,,,,,,,,,,,,,,,,,,,,,,,,,,,,,,,,,,,,,,,,,,,,,,,,,,,,,,,,
,ULTG KARET,GIS 150KV GAMBIRLAMA,PHT 150kV MENTENG#1,,PENGHANTAR 150kV,,Pemeliharaan Rutin 2 Tahunan,M. ULTG,ULTG,JUL, 28,8:00:00,16:00:00,480,TERLAKSANA,,,Bersamaan Har Off SKTT,JUL, 28,09:20:00,JUL, 28,14:11:00,,,,,,,,,,,,,,,,,,,,,,,,,,,,,,,,,,,,,,,,,,,,,,,,,,,,,,,,,,,,,,,,,,,,,,,,,,,,,,,,,,,,,,,,,,,,,,,,,,,,,,,,,,,,,,,,,,,,,,,,,,,,,
,ULTG KARET,GIS 150kV MENTENG,PHT 150KV GAMBIR LAMA #1,,PENGHANTAR 150kV,,Pemeliharaan Rutin 2 Tahunan,M. ULTG,ULTG,JUL, 29,8:00:00,16:00:00,480,TERLAKSANA,,,Bersamaan Har Off SKTT,JUL, 28,09:20:00,JUL, 28,14:11:00,,,,,,,,,,,,,,,,,,,,,,,,,,,,,,,,,,,,,,,,,,,,,,,,,,,,,,,,,,,,,,,,,,,,,,,,,,,,,,,,,,,,,,,,,,,,,,,,,,,,,,,,,,,,,,,,,,,,,,,,,,,,,
,ULTG KARET,GIS 150KV GEDUNGPOLA,TRF#1 150/22kV,,TRAFO 150/20kV,,Pemeliharaan Rutin 2 Tahunan,M. ULTG,ULTG,JUL, 23,8:00:00,16:00:00,480,TERLAKSANA,,,,JUL, 23,08:34:00,JUL, 23,15:17:00,,ADA,,,,,,,,,,,,,,,,,,,,,,,,,,,,,,,,,,,,,,,,,,,,,,,,,,,,,,,,,,,,,,,,,,,,,,,,,,,,,,,,,,,,,,,,,,,,,,,,,,,,,,,,,,,,,,,,,,,,,,,,,,,
,ULTG KARET,GI 150KV KARET LAMA,TRF#1 150/22kV,,TRAFO 150/20kV,,Pemeliharaan Rutin 2 Tahunan,M. ULTG,ULTG,JUL, 18,8:00:00,16:00:00,480,TERLAKSANA,,,,JUL, 18,08:47:00,JUL, 18,17:33:00,,ADA,,,,,,,,,,,,,,,,,,,,,,,,,,,,,,,,,,,,,,,,,,,,,,,,,,,,,,,,,,,,,,,,,,,,,,,,,,,,,,,,,,,,,,,,,,,,,,,,,,,,,,,,,,,,,,,,,,,,,,,,,,,
,ULTG MAMPANG,GIS 150KV PLTD SENAYAN,PHT 150kV SENAYAN,,,,,,,,,,,,,,,,,,,,,,,,ADA,,,,,,,,,,,,,,,,,,,,,,,,,,,,,,,,,,,,,,,,,,,,,,,,,,,,,,,,,,,,,,,,,,,,,,,,,,,,,,,,,,,,,,,,,,,,,,,,,,,,,,,,,,,,,,,,,,,,,,,,,,
,,,,,,,,,,,,,,,,,,,,,,,,,,,,,,,,,,,,,,,,,,,,,,,,,,,,,,,,,,,,,,,,,,,,,,,,,,,,,,,,,,,,,,,,,,,,,,,,,,,,,,,,,,,,,,,,,,,,,,,,,,,,,,,,,,,,,,,,,,,,,,,,,,,,,
,,,,,,,,,,,,,,,,,,,,,,,,,,,,,,,,,,,,,,,,,,,,,,,,,,,,,,,,,,,,,,,,,,,,,,,,,,,,,,,,,,,,,,,,,,,,,,,,,,,,,,,,,,,,,,,,,,,,,,,,,,,,,,,,,,,,,,,,,,,,,,,,,,,,,
,,,,,,,,,,,,,,,,,,,,,,,,,,,,,,,,,,,,,,,,,,,,,,,,,,,,,,,,,,,,,,,,,,,,,,,,,,,,,,,,,,,,,,,,,,,,,,,,,,,,,,,,,,,,,,,,,,,,,,,,,,,,,,,,,,,,,,,,,,,,,,,,,,,,,
,,,,,,,,,,,,,,,,,,,,,,,,,,,,,,,,,,,,,,,,,,,,,,,,,,,,,,,,,,,,,,,,,,,,,,,,,,,,,,,,,,,,,,,,,,,,,,,,,,,,,,,,,,,,,,,,,,,,,,,,,,,,,,,,,,,,,,,,,,,,,,,,,,,,,
,,,,,,,,,,,,,,,,,,,,,,,,,,,,,,,,,,,,,,,,,,,,,,,,,,,,,,,,,,,,,,,,,,,,,,,,,,,,,,,,,,,,,,,,,,,,,,,,,,,,,,,,,,,,,,,,,,,,,,,,,,,,,,,,,,,,,,,,,,,,,,,,,,,,,
,,,,,,,,,,,,,,,,,,,,,,,,,,,,,,,,,,,,,,,,,,,,,,,,,,,,,,,,,,,,,,,,,,,,,,,,,,,,,,,,,,,,,,,,,,,,,,,,,,,,,,,,,,,,,,,,,,,,,,,,,,,,,,,,,,,,,,,,,,,,,,,,,,,,,
,,,,,,,,,,,,,,,,,,,,,,,,,,,,,,,,,,,,,,,,,,,,,,,,,,,,,,,,,,,,,,,,,,,,,,,,,,,,,,,,,,,,,,,,,,,,,,,,,,,,,,,,,,,,,,,,,,,,,,,,,,,,,,,,,,,,,,,,,,,,,,,,,,,,,
,,,,,,,,,,,,,,,,,,,,,,,,,,,,,,,,,,,,,,,,,,,,,,,,,,,,,,,,,,,,,,,,,,,,,,,,,,,,,,,,,,,,,,,,,,,,,,,,,,,,,,,,,,,,,,,,,,,,,,,,,,,,,,,,,,,,,,,,,,,,,,,,,,,,,
,,,,,,,,,,,,,,,,,,,,,,,,,,,,,,,,,,,,,,,,,,,,,,,,,,,,,,,,,,,,,,,,,,,,,,,,,,,,,,,,,,,,,,,,,,,,,,,,,,,,,,,,,,,,,,,,,,,,,,,,,,,,,,,,,,,,,,,,,,,,,,,,,,,,,
,,,,,,,,,,,,,,,,,,,,,,,,,,,,,,,,,,,,,,,,,,,,,,,,,,,,,,,,,,,,,,,,,,,,,,,,,,,,,,,,,,,,,,,,,,,,,,,,,,,,,,,,,,,,,,,,,,,,,,,,,,,,,,,,,,,,,,,,,,,,,,,,,,,,,
,,,,,,,,,,,,,,,,,,,,,,,,,,,,,,,,,,,,,,,,,,,,,,,,,,,,,,,,,,,,,,,,,,,,,,,,,,,,,,,,,,,,,,,,,,,,,,,,,,,,,,,,,,,,,,,,,,,,,,,,,,,,,,,,,,,,,,,,,,,,,,,,,,,,,
,,,,,,,,,,,,,,,,,,,,,,,,,,,,,,,,,,,,,,,,,,,,,,,,,,,,,,,,,,,,,,,,,,,,,,,,,,,,,,,,,,,,,,,,,,,,,,,,,,,,,,,,,,,,,,,,,,,,,,,,,,,,,,,,,,,,,,,,,,,,,,,,,,,,,
,,,,,,,,,,,,,,,,,,,,,,,,,,,,,,,,,,,,,,,,,,,,,,,,,,,,,,,,,,,,,,,,,,,,,,,,,,,,,,,,,,,,,,,,,,,,,,,,,,,,,,,,,,,,,,,,,,,,,,,,,,,,,,,,,,,,,,,,,,,,,,,,,,,,,
,,,,,,,,,,,,,,,,,,,,,,,,,,,,,,,,,,,,,,,,,,,,,,,,,,,,,,,,,,,,,,,,,,,,,,,,,,,,,,,,,,,,,,,,,,,,,,,,,,,,,,,,,,,,,,,,,,,,,,,,,,,,,,,,,,,,,,,,,,,,,,,,,,,,,
,,,,,,,,,,,,,,,,,,,,,,,,,,,,,,,,,,,,,,,,,,,,,,,,,,,,,,,,,,,,,,,,,,,,,,,,,,,,,,,,,,,,,,,,,,,,,,,,,,,,,,,,,,,,,,,,,,,,,,,,,,,,,,,,,,,,,,,,,,,,,,,,,,,,,
,,,,,,,,,,,,,,,,,,,,,,,,,,,,,,,,,,,,,,,,,,,,,,,,,,,,,,,,,,,,,,,,,,,,,,,,,,,,,,,,,,,,,,,,,,,,,,,,,,,,,,,,,,,,,,,,,,,,,,,,,,,,,,,,,,,,,,,,,,,,,,,,,,,,,
,,,,,,,,,,,,,,,,,,,,,,,,,,,,,,,,,,,,,,,,,,,,,,,,,,,,,,,,,,,,,,,,,,,,,,,,,,,,,,,,,,,,,,,,,,,,,,,,,,,,,,,,,,,,,,,,,,,,,,,,,,,,,,,,,,,,,,,,,,,,,,,,,,,,,
,,,,,,,,,,,,,,,,,,,,,,,,,,,,,,,,,,,,,,,,,,,,,,,,,,,,,,,,,,,,,,,,,,,,,,,,,,,,,,,,,,,,,,,,,,,,,,,,,,,,,,,,,,,,,,,,,,,,,,,,,,,,,,,,,,,,,,,,,,,,,,,,,,,,,
,,,,,,,,,,,,,,,,,,,,,,,,,,,,,,,,,,,,,,,,,,,,,,,,,,,,,,,,,,,,,,,,,,,,,,,,,,,,,,,,,,,,,,,,,,,,,,,,,,,,,,,,,,,,,,,,,,,,,,,,,,,,,,,,,,,,,,,,,,,,,,,,,,,,,
,,,,,,,,,,,,,,,,,,,,,,,,,,,,,,,,,,,,,,,,,,,,,,,,,,,,,,,,,,,,,,,,,,,,,,,,,,,,,,,,,,,,,,,,,,,,,,,,,,,,,,,,,,,,,,,,,,,,,,,,,,,,,,,,,,,,,,,,,,,,,,,,,,,,,
,,,,,,,,,,,,,,,,,,,,,,,,,,,,,,,,,,,,,,,,,,,,,,,,,,,,,,,,,,,,,,,,,,,,,,,,,,,,,,,,,,,,,,,,,,,,,,,,,,,,,,,,,,,,,,,,,,,,,,,,,,,,,,,,,,,,,,,,,,,,,,,,,,,,,
,,,,,,,,,,,,,,,,,,,,,,,,,,,,,,,,,,,,,,,,,,,,,,,,,,,,,,,,,,,,,,,,,,,,,,,,,,,,,,,,,,,,,,,,,,,,,,,,,,,,,,,,,,,,,,,,,,,,,,,,,,,,,,,,,,,,,,,,,,,,,,,,,,,,,
,,,,,,,,,,,,,,,,,,,,,,,,,,,,,,,,,,,,,,,,,,,,,,,,,,,,,,,,,,,,,,,,,,,,,,,,,,,,,,,,,,,,,,,,,,,,,,,,,,,,,,,,,,,,,,,,,,,,,,,,,,,,,,,,,,,,,,,,,,,,,,,,,,,,,
,,,,,,,,,,,,,,,,,,,,,,,,,,,,,,,,,,,,,,,,,,,,,,,,,,,,,,,,,,,,,,,,,,,,,,,,,,,,,,,,,,,,,,,,,,,,,,,,,,,,,,,,,,,,,,,,,,,,,,,,,,,,,,,,,,,,,,,,,,,,,,,,,,,,,
,,,,,,,,,,,,,,,,,,,,,,,,,,,,,,,,,,,,,,,,,,,,,,,,,,,,,,,,,,,,,,,,,,,,,,,,,,,,,,,,,,,,,,,,,,,,,,,,,,,,,,,,,,,,,,,,,,,,,,,,,,,,,,,,,,,,,,,,,,,,,,,,,,,,,
,,,,,,,,,,,,,,,,,,,,,,,,,,,,,,,,,,,,,,,,,,,,,,,,,,,,,,,,,,,,,,,,,,,,,,,,,,,,,,,,,,,,,,,,,,,,,,,,,,,,,,,,,,,,,,,,,,,,,,,,,,,,,,,,,,,,,,,,,,,,,,,,,,,,,
,,,,,,,,,,,,,,,,,,,,,,,,,,,,,,,,,,,,,,,,,,,,,,,,,,,,,,,,,,,,,,,,,,,,,,,,,,,,,,,,,,,,,,,,,,,,,,,,,,,,,,,,,,,,,,,,,,,,,,,,,,,,,,,,,,,,,,,,,,,,,,,,,,,,,
,,,,,,,,,,,,,,,,,,,,,,,,,,,,,,,,,,,,,,,,,,,,,,,,,,,,,,,,,,,,,,,,,,,,,,,,,,,,,,,,,,,,,,,,,,,,,,,,,,,,,,,,,,,,,,,,,,,,,,,,,,,,,,,,,,,,,,,,,,,,,,,,,,,,,
,,,,,,,,,,,,,,,,,,,,,,,,,,,,,,,,,,,,,,,,,,,,,,,,,,,,,,,,,,,,,,,,,,,,,,,,,,,,,,,,,,,,,,,,,,,,,,,,,,,,,,,,,,,,,,,,,,,,,,,,,,,,,,,,,,,,,,,,,,,,,,,,,,,,,
,,,,,,,,,,,,,,,,,,,,,,,,,,,,,,,,,,,,,,,,,,,,,,,,,,,,,,,,,,,,,,,,,,,,,,,,,,,,,,,,,,,,,,,,,,,,,,,,,,,,,,,,,,,,,,,,,,,,,,,,,,,,,,,,,,,,,,,,,,,,,,,,,,,,,
,,,,,,,,,,,,,,,,,,,,,,,,,,,,,,,,,,,,,,,,,,,,,,,,,,,,,,,,,,,,,,,,,,,,,,,,,,,,,,,,,,,,,,,,,,,,,,,,,,,,,,,,,,,,,,,,,,,,,,,,,,,,,,,,,,,,,,,,,,,,,,,,,,,,,
,,,,,,,,,,,,,,,,,,,,,,,,,,,,,,,,,,,,,,,,,,,,,,,,,,,,,,,,,,,,,,,,,,,,,,,,,,,,,,,,,,,,,,,,,,,,,,,,,,,,,,,,,,,,,,,,,,,,,,,,,,,,,,,,,,,,,,,,,,,,,,,,,,,,,
,,,,,,,,,,,,,,,,,,,,,,,,,,,,,,,,,,,,,,,,,,,,,,,,,,,,,,,,,,,,,,,,,,,,,,,,,,,,,,,,,,,,,,,,,,,,,,,,,,,,,,,,,,,,,,,,,,,,,,,,,,,,,,,,,,,,,,,,,,,,,,,,,,,,,
,,,,,,,,,,,,,,,,,,,,,,,,,,,,,,,,,,,,,,,,,,,,,,,,,,,,,,,,,,,,,,,,,,,,,,,,,,,,,,,,,,,,,,,,,,,,,,,,,,,,,,,,,,,,,,,,,,,,,,,,,,,,,,,,,,,,,,,,,,,,,,,,,,,,,
,,,,,,,,,,,,,,,,,,,,,,,,,,,,,,,,,,,,,,,,,,,,,,,,,,,,,,,,,,,,,,,,,,,,,,,,,,,,,,,,,,,,,,,,,,,,,,,,,,,,,,,,,,,,,,,,,,,,,,,,,,,,,,,,,,,,,,,,,,,,,,,,,,,,,
,,,,,,,,,,,,,,,,,,,,,,,,,,,,,,,,,,,,,,,,,,,,,,,,,,,,,,,,,,,,,,,,,,,,,,,,,,,,,,,,,,,,,,,,,,,,,,,,,,,,,,,,,,,,,,,,,,,,,,,,,,,,,,,,,,,,,,,,,,,,,,,,,,,,,
,,,,,,,,,,,,,,,,,,,,,,,,,,,,,,,,,,,,,,,,,,,,,,,,,,,,,,,,,,,,,,,,,,,,,,,,,,,,,,,,,,,,,,,,,,,,,,,,,,,,,,,,,,,,,,,,,,,,,,,,,,,,,,,,,,,,,,,,,,,,,,,,,,,,,
,,,,,,,,,,,,,,,,,,,,,,,,,,,,,,,,,,,,,,,,,,,,,,,,,,,,,,,,,,,,,,,,,,,,,,,,,,,,,,,,,,,,,,,,,,,,,,,,,,,,,,,,,,,,,,,,,,,,,,,,,,,,,,,,,,,,,,,,,,,,,,,,,,,,,
,,,,,,,,,,,,,,,,,,,,,,,,,,,,,,,,,,,,,,,,,,,,,,,,,,,,,,,,,,,,,,,,,,,,,,,,,,,,,,,,,,,,,,,,,,,,,,,,,,,,,,,,,,,,,,,,,,,,,,,,,,,,,,,,,,,,,,,,,,,,,,,,,,,,,
,,,,,,,,,,,,,,,,,,,,,,,,,,,,,,,,,,,,,,,,,,,,,,,,,,,,,,,,,,,,,,,,,,,,,,,,,,,,,,,,,,,,,,,,,,,,,,,,,,,,,,,,,,,,,,,,,,,,,,,,,,,,,,,,,,,,,,,,,,,,,,,,,,,,,
,,,,,,,,,,,,,,,,,,,,,,,,,,,,,,,,,,,,,,,,,,,,,,,,,,,,,,,,,,,,,,,,,,,,,,,,,,,,,,,,,,,,,,,,,,,,,,,,,,,,,,,,,,,,,,,,,,,,,,,,,,,,,,,,,,,,,,,,,,,,,,,,,,,,,
,,,,,,,,,,,,,,,,,,,,,,,,,,,,,,,,,,,,,,,,,,,,,,,,,,,,,,,,,,,,,,,,,,,,,,,,,,,,,,,,,,,,,,,,,,,,,,,,,,,,,,,,,,,,,,,,,,,,,,,,,,,,,,,,,,,,,,,,,,,,,,,,,,,,,
,,,,,,,,,,,,,,,,,,,,,,,,,,,,,,,,,,,,,,,,,,,,,,,,,,,,,,,,,,,,,,,,,,,,,,,,,,,,,,,,,,,,,,,,,,,,,,,,,,,,,,,,,,,,,,,,,,,,,,,,,,,,,,,,,,,,,,,,,,,,,,,,,,,,,
,,,,,,,,,,,,,,,,,,,,,,,,,,,,,,,,,,,,,,,,,,,,,,,,,,,,,,,,,,,,,,,,,,,,,,,,,,,,,,,,,,,,,,,,,,,,,,,,,,,,,,,,,,,,,,,,,,,,,,,,,,,,,,,,,,,,,,,,,,,,,,,,,,,,,
,,,,,,,,,,,,,,,,,,,,,,,,,,,,,,,,,,,,,,,,,,,,,,,,,,,,,,,,,,,,,,,,,,,,,,,,,,,,,,,,,,,,,,,,,,,,,,,,,,,,,,,,,,,,,,,,,,,,,,,,,,,,,,,,,,,,,,,,,,,,,,,,,,,,,
,,,,,,,,,,,,,,,,,,,,,,,,,,,,,,,,,,,,,,,,,,,,,,,,,,,,,,,,,,,,,,,,,,,,,,,,,,,,,,,,,,,,,,,,,,,,,,,,,,,,,,,,,,,,,,,,,,,,,,,,,,,,,,,,,,,,,,,,,,,,,,,,,,,,,
,,,,,,,,,,,,,,,,,,,,,,,,,,,,,,,,,,,,,,,,,,,,,,,,,,,,,,,,,,,,,,,,,,,,,,,,,,,,,,,,,,,,,,,,,,,,,,,,,,,,,,,,,,,,,,,,,,,,,,,,,,,,,,,,,,,,,,,,,,,,,,,,,,,,,
,,,,,,,,,,,,,,,,,,,,,,,,,,,,,,,,,,,,,,,,,,,,,,,,,,,,,,,,,,,,,,,,,,,,,,,,,,,,,,,,,,,,,,,,,,,,,,,,,,,,,,,,,,,,,,,,,,,,,,,,,,,,,,,,,,,,,,,,,,,,,,,,,,,,,
,,,,,,,,,,,,,,,,,,,,,,,,,,,,,,,,,,,,,,,,,,,,,,,,,,,,,,,,,,,,,,,,,,,,,,,,,,,,,,,,,,,,,,,,,,,,,,,,,,,,,,,,,,,,,,,,,,,,,,,,,,,,,,,,,,,,,,,,,,,,,,,,,,,,,
,,,,,,,,,,,,,,,,,,,,,,,,,,,,,,,,,,,,,,,,,,,,,,,,,,,,,,,,,,,,,,,,,,,,,,,,,,,,,,,,,,,,,,,,,,,,,,,,,,,,,,,,,,,,,,,,,,,,,,,,,,,,,,,,,,,,,,,,,,,,,,,,,,,,,
,,,,,,,,,,,,,,,,,,,,,,,,,,,,,,,,,,,,,,,,,,,,,,,,,,,,,,,,,,,,,,,,,,,,,,,,,,,,,,,,,,,,,,,,,,,,,,,,,,,,,,,,,,,,,,,,,,,,,,,,,,,,,,,,,,,,,,,,,,,,,,,,,,,,,
,,,,,,,,,,,,,,,,,,,,,,,,,,,,,,,,,,,,,,,,,,,,,,,,,,,,,,,,,,,,,,,,,,,,,,,,,,,,,,,,,,,,,,,,,,,,,,,,,,,,,,,,,,,,,,,,,,,,,,,,,,,,,,,,,,,,,,,,,,,,,,,,,,,,,
,,,,,,,,,,,,,,,,,,,,,,,,,,,,,,,,,,,,,,,,,,,,,,,,,,,,,,,,,,,,,,,,,,,,,,,,,,,,,,,,,,,,,,,,,,,,,,,,,,,,,,,,,,,,,,,,,,,,,,,,,,,,,,,,,,,,,,,,,,,,,,,,,,,,,
,,,,,,,,,,,,,,,,,,,,,,,,,,,,,,,,,,,,,,,,,,,,,,,,,,,,,,,,,,,,,,,,,,,,,,,,,,,,,,,,,,,,,,,,,,,,,,,,,,,,,,,,,,,,,,,,,,,,,,,,,,,,,,,,,,,,,,,,,,,,,,,,,,,,,
,,,,,,,,,,,,,,,,,,,,,,,,,,,,,,,,,,,,,,,,,,,,,,,,,,,,,,,,,,,,,,,,,,,,,,,,,,,,,,,,,,,,,,,,,,,,,,,,,,,,,,,,,,,,,,,,,,,,,,,,,,,,,,,,,,,,,,,,,,,,,,,,,,,,,
,,,,,,,,,,,,,,,,,,,,,,,,,,,,,,,,,,,,,,,,,,,,,,,,,,,,,,,,,,,,,,,,,,,,,,,,,,,,,,,,,,,,,,,,,,,,,,,,,,,,,,,,,,,,,,,,,,,,,,,,,,,,,,,,,,,,,,,,,,,,,,,,,,,,,
,,,,,,,,,,,,,,,,,,,,,,,,,,,,,,,,,,,,,,,,,,,,,,,,,,,,,,,,,,,,,,,,,,,,,,,,,,,,,,,,,,,,,,,,,,,,,,,,,,,,,,,,,,,,,,,,,,,,,,,,,,,,,,,,,,,,,,,,,,,,,,,,,,,,,
,,,,,,,,,,,,,,,,,,,,,,,,,,,,,,,,,,,,,,,,,,,,,,,,,,,,,,,,,,,,,,,,,,,,,,,,,,,,,,,,,,,,,,,,,,,,,,,,,,,,,,,,,,,,,,,,,,,,,,,,,,,,,,,,,,,,,,,,,,,,,,,,,,,,,
,,,,,,,,,,,,,,,,,,,,,,,,,,,,,,,,,,,,,,,,,,,,,,,,,,,,,,,,,,,,,,,,,,,,,,,,,,,,,,,,,,,,,,,,,,,,,,,,,,,,,,,,,,,,,,,,,,,,,,,,,,,,,,,,,,,,,,,,,,,,,,,,,,,,,
,,,,,,,,,,,,,,,,,,,,,,,,,,,,,,,,,,,,,,,,,,,,,,,,,,,,,,,,,,,,,,,,,,,,,,,,,,,,,,,,,,,,,,,,,,,,,,,,,,,,,,,,,,,,,,,,,,,,,,,,,,,,,,,,,,,,,,,,,,,,,,,,,,,,,
,,,,,,,,,,,,,,,,,,,,,,,,,,,,,,,,,,,,,,,,,,,,,,,,,,,,,,,,,,,,,,,,,,,,,,,,,,,,,,,,,,,,,,,,,,,,,,,,,,,,,,,,,,,,,,,,,,,,,,,,,,,,,,,,,,,,,,,,,,,,,,,,,,,,,
,,,,,,,,,,,,,,,,,,,,,,,,,,,,,,,,,,,,,,,,,,,,,,,,,,,,,,,,,,,,,,,,,,,,,,,,,,,,,,,,,,,,,,,,,,,,,,,,,,,,,,,,,,,,,,,,,,,,,,,,,,,,,,,,,,,,,,,,,,,,,,,,,,,,,
,,,,,,,,,,,,,,,,,,,,,,,,,,,,,,,,,,,,,,,,,,,,,,,,,,,,,,,,,,,,,,,,,,,,,,,,,,,,,,,,,,,,,,,,,,,,,,,,,,,,,,,,,,,,,,,,,,,,,,,,,,,,,,,,,,,,,,,,,,,,,,,,,,,,,
,,,,,,,,,,,,,,,,,,,,,,,,,,,,,,,,,,,,,,,,,,,,,,,,,,,,,,,,,,,,,,,,,,,,,,,,,,,,,,,,,,,,,,,,,,,,,,,,,,,,,,,,,,,,,,,,,,,,,,,,,,,,,,,,,,,,,,,,,,,,,,,,,,,,,
,,,,,,,,,,,,,,,,,,,,,,,,,,,,,,,,,,,,,,,,,,,,,,,,,,,,,,,,,,,,,,,,,,,,,,,,,,,,,,,,,,,,,,,,,,,,,,,,,,,,,,,,,,,,,,,,,,,,,,,,,,,,,,,,,,,,,,,,,,,,,,,,,,,,,
,,,,,,,,,,,,,,,,,,,,,,,,,,,,,,,,,,,,,,,,,,,,,,,,,,,,,,,,,,,,,,,,,,,,,,,,,,,,,,,,,,,,,,,,,,,,,,,,,,,,,,,,,,,,,,,,,,,,,,,,,,,,,,,,,,,,,,,,,,,,,,,,,,,,,
,,,,,,,,,,,,,,,,,,,,,,,,,,,,,,,,,,,,,,,,,,,,,,,,,,,,,,,,,,,,,,,,,,,,,,,,,,,,,,,,,,,,,,,,,,,,,,,,,,,,,,,,,,,,,,,,,,,,,,,,,,,,,,,,,,,,,,,,,,,,,,,,,,,,,
,,,,,,,,,,,,,,,,,,,,,,,,,,,,,,,,,,,,,,,,,,,,,,,,,,,,,,,,,,,,,,,,,,,,,,,,,,,,,,,,,,,,,,,,,,,,,,,,,,,,,,,,,,,,,,,,,,,,,,,,,,,,,,,,,,,,,,,,,,,,,,,,,,,,,
,,,,,,,,,,,,,,,,,,,,,,,,,,,,,,,,,,,,,,,,,,,,,,,,,,,,,,,,,,,,,,,,,,,,,,,,,,,,,,,,,,,,,,,,,,,,,,,,,,,,,,,,,,,,,,,,,,,,,,,,,,,,,,,,,,,,,,,,,,,,,,,,,,,,,
,,,,,,,,,,,,,,,,,,,,,,,,,,,,,,,,,,,,,,,,,,,,,,,,,,,,,,,,,,,,,,,,,,,,,,,,,,,,,,,,,,,,,,,,,,,,,,,,,,,,,,,,,,,,,,,,,,,,,,,,,,,,,,,,,,,,,,,,,,,,,,,,,,,,,
,,,,,,,Stability differential trafo 2,,,,,,,,,,,,,,,,,,,,,,,,,,,,,,,,,,,,,,,,,,,,,,,,,,,,,,,,,,,,,,,,,,,,,,,,,,,,,,,,,,,,,,,,,,,,,,,,,,,,,,,,,,,,,,,,,,,,,,,,,,,,,,,,,,,,,,,,,,,,,,
,,,,,,,STABILITY DIFFERENTIAL TRAFO 2,,,,,,,,,,,,,,,,,,,,,,,,,,,,,,,,,,,,,,,,,,,,,,,,,,,,,,,,,,,,,,,,,,,,,,,,,,,,,,,,,,,,,,,,,,,,,,,,,,,,,,,,,,,,,,,,,,,,,,,,,,,,,,,,,,,,,,,,,,,,,,